sno,registration_no,project_name,promoter_name,district,project_type
1,UPRERAPRJ918,ATS ALLURE,ATS Realty Private Limited,Gautam Buddha Nagar,Residential
2,UPRERAPRJ4115,ATS RHAPSODY,ATS Township Private Limited,Gautam Buddha Nagar,Residential
3,UPRERAPRJ9414,Supertech Czar,SUPERTECH LIMITED,Gautam Buddha Nagar,Residential
4,UPRERAPRJ574384,"""1st - A Park View"" -  Gaur Yamuna City",Gaursons Realtech Private Limited,Gautam Buddha Nagar,Residential
5,UPRERAPRJ235739,"""1st - B Park View"" -  Gaur Yamuna City",Gaursons Realtech Private Limited,Gautam Buddha Nagar,Residential
6,UPRERAPRJ6742,14th Avenue (Group Housing) - Gaur City,Gaursons Promoters Private Limited,Gautam Buddha Nagar,Residential
7,UPRERAPRJ8242,168Xaviers - Cambridge and Crystal,OPULENT INFRADEVELOPERS PRIVATE LIMITED,Gautam Buddha Nagar,Residential
8,UPRERAPRJ6754,168Xaviers - MARIOTT TOWER,OPULENT INFRADEVELOPERS PRIVATE LIMITED,Gautam Buddha Nagar,Residential
9,UPRERAPRJ6801,16th Parkview - Gaur Yamuna City,Gaursons Realtech Private Limited,Gautam Buddha Nagar,Residential
10,UPRERAPRJ4464,2nd Parkview,Gaursons Realtech Private Limited,Gautam Buddha Nagar,Residential
11,UPRERAPRJ4193,32nd Parkview,Gaursons Realtech Private Limited,Gautam Buddha Nagar,Residential
12,UPRERAPRJ16103,3rd PARK VIEW - GAUR YAMUNA CITY,Gaursons Realtech Private Limited,Gautam Buddha Nagar,Residential
13,UPRERAPRJ538911,4th Parkview - Gaur Yamuna City,Gaursons Realtech Private Limited,Gautam Buddha Nagar,Residential
14,UPRERAPRJ7156,52nd Avenue (Phase-I),MMR Saha Infrastructure Private Limited,Gautam Buddha Nagar,Commercial
15,UPRERAPRJ15838,6th Parkview (Gaur Yamuna City),Gaursons Realtech Private Limited,Gautam Buddha Nagar,Residential
16,UPRERAPRJ15358,73 AVENUE,M.L.Infratech,Gautam Buddha Nagar,Residential
17,UPRERAPRJ6695,7th Avenue - Gaur City,Gaursons Hi-Tech Infrastructure Private Limited,Gautam Buddha Nagar,Residential
18,UPRERAPRJ16087,7th PARK VIEW - GAUR YAMUNA CITY,Gaursons Realtech Private Limited,Gautam Buddha Nagar,Residential
19,UPRERAPRJ7085,AARADHYAM GOLF HOMES,CLOVER PROBUILD PRIVATE LIMITED,Gautam Buddha Nagar,Residential
20,UPRERAPRJ6602,AARZA SQUARE-1,AARZA INFRATECH PRIVATE LIMITED,Gautam Buddha Nagar,Commercial
21,UPRERAPRJ9911,AARZA SQUARE-2,AARZA INFRATECH PRIVATE LIMITED,Gautam Buddha Nagar,Commercial
22,UPRERAPRJ14479,AASHIANA HOMES,JASBIR MAAN,Gautam Buddha Nagar,Residential
23,UPRERAPRJ16558,AASHIYANA GLORY,INVESTORS INN INFRASTRUCTURE PVT LTD,Gautam Buddha Nagar,Residential
24,UPRERAPRJ1050,AASTHA GREENS,AASTHA INFRACITY LIMITED,Gautam Buddha Nagar,Residential
25,UPRERAPRJ9325,AASTHA MIG ZONE I (M4 TO M6),M/s Uttam Steels & Associates { Consortium) throug; ANSAL HI-TECH TOWNSHIPS LTD,Gautam Buddha Nagar,Residential
26,UPRERAPRJ5670,AASTHA MIG ZONE II,M/s Uttam Steels & Associates { Consortium) throug; ANSAL HI-TECH TOWNSHIPS LTD,Gautam Buddha Nagar,Residential
27,UPRERAPRJ5685,"AASTHA MIG ZONE III (M3, M7-M11)",M/s Uttam Steels & Associates { Consortium) throug; ANSAL HI-TECH TOWNSHIPS LTD,Gautam Buddha Nagar,Residential
28,UPRERAPRJ9841,AASTHA UDAY,M/s Uttam Steels & Associates { Consortium) throug; ANSAL HI-TECH TOWNSHIPS LTD,Gautam Buddha Nagar,Residential
29,UPRERAPRJ248777/03/2025,ACE ACREVILLE,THREE C HOMES PVT.  LTD.,Gautam Buddha Nagar,Residential
30,UPRERAPRJ528653/07/2026,ACE ARTE,ACE INFRACITY DEVELOPERS PRIVATE LIMITED,Gautam Buddha Nagar,Mixed
31,UPRERAPRJ6734,Ace Divino,STARCITY REAL ESTATES PRIVATE LIMITED,Gautam Buddha Nagar,Residential
32,UPRERAPRJ467686/09/2025,Ace Edit,LOGIX BUILDESTATE PVT LTD,Gautam Buddha Nagar,Commercial
33,UPRERAPRJ442226/10/2024,Ace Estate,LOGIX BUILDESTATE PVT LTD,Gautam Buddha Nagar,Residential
34,UPRERAPRJ677887/10/2024,ACE HANEI,LA BUILDTECH PRIVATE LIMITED,Gautam Buddha Nagar,Mixed
35,UPRERAPRJ939595/03/2025,ACE HIVE,THREE C HOMES PVT.  LTD.,Gautam Buddha Nagar,Commercial
36,UPRERAPRJ348653,Ace Medley Avenue,LOGIX BUILDERS & PROMOTERS PVT. LTD.,Gautam Buddha Nagar,Commercial
37,UPRERAPRJ4514,Ace Parkway,ACE INFRACITY DEVELOPERS PRIVATE LIMITED,Gautam Buddha Nagar,Residential
38,UPRERAPRJ677294,Ace Starlit,Star Landcraft Private Limited,Gautam Buddha Nagar,Residential
39,UPRERAPRJ477604/04/2026,ACE TECH,Star Landcraft Private Limited,Gautam Buddha Nagar,Commercial
40,UPRERAPRJ683816/04/2024,Ace Terra,AJAY REALCON INDIA LLP,Gautam Buddha Nagar,Residential
41,UPRERAPRJ913692/03/2025,ACE VERDE,THREE C HOMES PVT.  LTD.,Gautam Buddha Nagar,Residential
42,UPRERAPRJ397607,ACE YXP,STARCITY BUILDERS AND PROMOTERS LLP,Gautam Buddha Nagar,Commercial
43,UPRERAPRJ1147,ADVANT NAVIS BUSINESS PARK,ADVANT IT PARK PVT. LTD.,Gautam Buddha Nagar,Commercial
44,UPRERAPRJ8647,Affordable Housing Sector-22D YEIDA,Yamuna Expressway Industrial devlopment Authority,Gautam Buddha Nagar,Residential
45,UPRERAPRJ902517,AIG IN ROYAL ( PHASE 3),ALPINE INFRAPROJECTS PVT LTD,Gautam Buddha Nagar,Residential
46,UPRERAPRJ958972,AIG ROYAL ( PHASE-2),ALPINE INFRAPROJECTS PVT LTD,Gautam Buddha Nagar,Residential
47,UPRERAPRJ17394,AIG ROYAL (PHASE 1),ALPINE INFRAPROJECTS PVT LTD,Gautam Buddha Nagar,Residential
48,UPRERAPRJ309036,AIGIN ROYAL PHASE 4,ALPINE INFRAPROJECTS PVT LTD,Gautam Buddha Nagar,Residential
49,UPRERAPRJ6895,Aims Golf Avenue (Phase -1),Aims Promoters Private Limited,Gautam Buddha Nagar,Residential
50,UPRERAPRJ6952,Aims Golf Avenue (Phase -2),Aims Promoters Private Limited,Gautam Buddha Nagar,Residential
51,UPRERAPRJ7002,Aims Golf Avenue (Phase-3),Aims Promoters Private Limited,Gautam Buddha Nagar,Residential
52,UPRERAPRJ7262,Aims Green Aenue (Phase-3),Aims Golf Town Developers Private Limited,Gautam Buddha Nagar,Residential
53,UPRERAPRJ7473,Aims Green Avenue (Phase-1),Aims Golf Town Developers Private Limited,Gautam Buddha Nagar,Residential
54,UPRERAPRJ7136,Aims GREEN Avenue (Phase-2),Aims Golf Town Developers Private Limited,Gautam Buddha Nagar,Residential
55,UPRERAPRJ10867,Aims Windsor street,Aims Golf Town Developers Private Limited,Gautam Buddha Nagar,Commercial
56,UPRERAPRJ10333,AISHWARYAM,Wall Rock Infratech Pvt Ltd,Gautam Buddha Nagar,Residential
57,UPRERAPRJ4999,AJNARA CITY VILLA (Phase - 1),AJNARA INDIA LIMITED,Gautam Buddha Nagar,Residential
58,UPRERAPRJ4207,Ajnara Homes (Phase-1 Tower: I J K L & M),APV Realty Limited,Gautam Buddha Nagar,Residential
59,UPRERAPRJ4273,Ajnara Homes (Phase-2 Tower N & O),APV Realty Limited,Gautam Buddha Nagar,Residential
60,UPRERAPRJ4539,Ajnara Homes (Phase-3 PLAZIO Convinient Shops),APV Realty Limited,Gautam Buddha Nagar,Residential
61,UPRERAPRJ2605,"Ajnara Panorama (Phase-1: Twr A, B C & G)",AJNARA INDIA LIMITED,Gautam Buddha Nagar,Residential
62,UPRERAPRJ2990,Ajnara Panorama (Phase-2 Villas),AJNARA INDIA LIMITED,Gautam Buddha Nagar,Residential
63,UPRERAPRJ3058,Ajnara Panorama (Phase-3 Studio & Convinient Shops,AJNARA INDIA LIMITED,Gautam Buddha Nagar,Residential
64,UPRERAPRJ420809/06/2026,Alpha Grand,VDMINFRA PROJECTS LLP,Gautam Buddha Nagar,Commercial
65,UPRERAPRJ6867,ALPHA PLAZA,SHREE VINAYAKA INFRASPACE DEVELOPERS PRIVATE LIMIT,Gautam Buddha Nagar,Commercial
66,UPRERAPRJ10115,Alphathum Phase - IV,BHUTANI GROUP,Gautam Buddha Nagar,Commercial
67,UPRERAPRJ7301,Alphathum Phase 1,BHUTANI GROUP,Gautam Buddha Nagar,Commercial
68,UPRERAPRJ7376,Alphathum Phase 2,BHUTANI GROUP,Gautam Buddha Nagar,Commercial
69,UPRERAPRJ10097,Alphathum PH-III,BHUTANI GROUP,Gautam Buddha Nagar,Commercial
70,UPRERAPRJ5632,Alstonia Apartments,ANS APARTMENTS PVT LTD,Gautam Buddha Nagar,Residential
71,UPRERAPRJ4783,AMAATRA HOMES,NANDI INFRATECH PVT LTD,Gautam Buddha Nagar,Residential
72,UPRERAPRJ9195,AMADEUS,SAHA INFRATECH PVT LTD,Gautam Buddha Nagar,Residential
73,UPRERAPRJ913592/01/2026,Amara Residences,Elegant IT Solutions Private Limited,Gautam Buddha Nagar,Residential
74,UPRERAPRJ7372,AMAZONIA (PHASE-I),ELATE REALTORS PRIVATE LIMITED,Gautam Buddha Nagar,Residential
75,UPRERAPRJ4569,ambarbyarihant,CITYCON BUILDWEL PRIVATE LIMITED,Gautam Buddha Nagar,Residential
76,UPRERAPRJ4249,Ambience Tiverton,Ambience Private Limited,Gautam Buddha Nagar,Residential
77,UPRERAPRJ5814,AMBROSIA (Phase-1: Tower A B C D & E),IVR PRIME DEVELOPERS (AVADI) PRIVATE LIMITED,Gautam Buddha Nagar,Residential
78,UPRERAPRJ5823,AMBROSIA (Phase-2: Tower F G H J & K),IVR PRIME DEVELOPERS (AVADI) PRIVATE LIMITED,Gautam Buddha Nagar,Residential
79,UPRERAPRJ5833,AMBROSIA (Phase-3: Convinient Shops),IVR PRIME DEVELOPERS (AVADI) PRIVATE LIMITED,Gautam Buddha Nagar,Residential
80,UPRERAPRJ888243,"AMBROSIA PHASE 04 (TOWER N1,N2,N3,N4,COMMERCIAL 5 & 6)",IVR PRIME DEVELOPERS (AVADI) PRIVATE LIMITED,Gautam Buddha Nagar,Residential
81,UPRERAPRJ14023,AMRAPALI CRYSTAL HOMES PHASE-1,AMRAPALI SILICON CITY PRIVATE LIMITED,Gautam Buddha Nagar,Residential
82,UPRERAPRJ14077,AMRAPALI CRYSTAL HOMES PHASE-2,AMRAPALI SILICON CITY PRIVATE LIMITED,Gautam Buddha Nagar,Residential
83,UPRERAPRJ13965,Amrapali Leisure Park- Phase-1,Amrapali Leisure Valley developers Pvt. Ltd.,Gautam Buddha Nagar,Residential
84,UPRERAPRJ13978,Amrapali Leisure Park- Phase-2,Amrapali Leisure Valley developers Pvt. Ltd.,Gautam Buddha Nagar,Residential
85,UPRERAPRJ13980,Amrapali Leisure Park- Phase-3,Amrapali Leisure Valley developers Pvt. Ltd.,Gautam Buddha Nagar,Residential
86,UPRERAPRJ13983,Amrapali Leisure Park- Phase-4,Amrapali Leisure Valley developers Pvt. Ltd.,Gautam Buddha Nagar,Residential
87,UPRERAPRJ13985,Amrapali Leisure Park- Phase-5,Amrapali Leisure Valley developers Pvt. Ltd.,Gautam Buddha Nagar,Residential
88,UPRERAPRJ13987,Amrapali Leisure Park- Phase-6,Amrapali Leisure Valley developers Pvt. Ltd.,Gautam Buddha Nagar,Residential
89,UPRERAPRJ14099,Amrapali Leisure Valley Phase 2  Villa B 1 to B 229 and B 437 to B 460,Amrapali Leisure Valley Pvt. Ltd.,Gautam Buddha Nagar,Residential
90,UPRERAPRJ14102,AMRAPALI Leisure Valley Phase 3 Villa B 230 B 385 and B 408 B 436,Amrapali Leisure Valley Pvt. Ltd.,Gautam Buddha Nagar,Residential
91,UPRERAPRJ14088,Amrapali Leisure Valley Phase-1  Villa A 1 to A 230 and  A 435 to 456,Amrapali Leisure Valley Pvt. Ltd.,Gautam Buddha Nagar,Residential
92,UPRERAPRJ14104,Amrapali Leisure Valley Phase-4 Villa A 231 and A 434,Amrapali Leisure Valley Pvt. Ltd.,Gautam Buddha Nagar,Residential
93,UPRERAPRJ14111,"AMRAPALI Leisure Valley VERONA HEIGHT Phase 10  Tower S,T,U,V",Amrapali Leisure Valley Pvt. Ltd.,Gautam Buddha Nagar,Residential
94,UPRERAPRJ14112,"AMRAPALI Leisure Valley VERONA HEIGHT Phase 11  Tower A1,B1,C1",Amrapali Leisure Valley Pvt. Ltd.,Gautam Buddha Nagar,Residential
95,UPRERAPRJ14113,"AMRAPALI Leisure Valley VERONA HEIGHT Phase 12 Tower D1,E1,F1,G1,H1",Amrapali Leisure Valley Pvt. Ltd.,Gautam Buddha Nagar,Residential
96,UPRERAPRJ14107,"AMRAPALI Leisure Valley VERONA HEIGHT Phase 6 Tower F,G,H,J,K",Amrapali Leisure Valley Pvt. Ltd.,Gautam Buddha Nagar,Residential
97,UPRERAPRJ14108,"AMRAPALI Leisure Valley VERONA HEIGHT Phase 7 Tower L,M,N",Amrapali Leisure Valley Pvt. Ltd.,Gautam Buddha Nagar,Residential
98,UPRERAPRJ14109,"AMRAPALI Leisure Valley VERONA HEIGHT Phase 8 Tower W,X,Y,Z",Amrapali Leisure Valley Pvt. Ltd.,Gautam Buddha Nagar,Residential
99,UPRERAPRJ14110,"AMRAPALI Leisure Valley VERONA HEIGHT Phase 9  Tower P,Q,R",Amrapali Leisure Valley Pvt. Ltd.,Gautam Buddha Nagar,Residential
100,UPRERAPRJ14106,"AMRAPALI Leisure Valley VERONA HEIGHT Phase-5 Tower A,B,C,D,E",Amrapali Leisure Valley Pvt. Ltd.,Gautam Buddha Nagar,Residential
101,UPRERAPRJ13954,AMRAPALI PRINCELY ESTATE,Amrapali Princely Estate Pvt Ltd,Gautam Buddha Nagar,Residential
102,UPRERAPRJ13992,Amrapali River View Plaza- Phase- 7,Amrapali Leisure Valley developers Pvt. Ltd.,Gautam Buddha Nagar,Commercial
103,UPRERAPRJ13871,Amrapali Sapphire (Phase 2),AMRAPALI SAPPHIRE DEVELOPERS PRIVATE LIMITED,Gautam Buddha Nagar,Residential
104,UPRERAPRJ14064,AMRAPALI SILICON CITY PHASE-1,AMRAPALI SILICON CITY PRIVATE LIMITED,Gautam Buddha Nagar,Residential
105,UPRERAPRJ14070,AMRAPALI SILICON CITY PHASE-2,AMRAPALI SILICON CITY PRIVATE LIMITED,Gautam Buddha Nagar,Residential
106,UPRERAPRJ16440,ANANT BEST HOMES,SAJID KHAN,Gautam Buddha Nagar,Residential
107,UPRERAPRJ15168,ANMOL RESIDENCY,ASHOKA BUILDERS,Gautam Buddha Nagar,Residential
108,UPRERAPRJ745377,ANTARA NOIDA PHASE 1,CONTEND BUILDERS PVT.LTD.,Gautam Buddha Nagar,Residential
109,UPRERAPRJ17793,Anthurium,AIRCON SYSTEMS INDIA PVT. LTD,Gautam Buddha Nagar,Commercial
110,UPRERAPRJ11102,ANTRIKSH ENGINEERS PVT LTD,M/S ANTRIKSH ENGINEERS PRIVATE LIMITED ( ANTRIKSH,Gautam Buddha Nagar,Commercial
111,UPRERAPRJ11283,ANTRIKSH GOLF CITY - COMMERCIAL,CONTEND INFRASTRUCTURE PRIVATE LIMITED ( ANTRIKSH,Gautam Buddha Nagar,Commercial
112,UPRERAPRJ6971,ANTRIKSH GOLF CITY ( PHASE II ),CONTEND INFRASTRUCTURE PRIVATE LIMITED ( ANTRIKSH,Gautam Buddha Nagar,Residential
113,UPRERAPRJ6978,ANTRIKSH GOLF CITY ( PHASE III ),CONTEND INFRASTRUCTURE PRIVATE LIMITED ( ANTRIKSH,Gautam Buddha Nagar,Residential
114,UPRERAPRJ6984,ANTRIKSH GOLF CITY ( PHASE IV ),CONTEND INFRASTRUCTURE PRIVATE LIMITED ( ANTRIKSH,Gautam Buddha Nagar,Residential
115,UPRERAPRJ6994,ANTRIKSH GOLF CITY ( PHASE V),CONTEND INFRASTRUCTURE PRIVATE LIMITED ( ANTRIKSH,Gautam Buddha Nagar,Residential
116,UPRERAPRJ6911,ANTRIKSH GOLF CITY ( PHASE-1),CONTEND INFRASTRUCTURE PRIVATE LIMITED ( ANTRIKSH,Gautam Buddha Nagar,Residential
117,UPRERAPRJ10913,Antriksh Golf Link (Phase 3),M/S ANTRIKSH ENGINEERS PRIVATE LIMITED ( ANTRIKSH,Gautam Buddha Nagar,Residential
118,UPRERAPRJ10510,Antriksh Golf Link Phase 2,M/S ANTRIKSH ENGINEERS PRIVATE LIMITED ( ANTRIKSH,Gautam Buddha Nagar,Residential
119,UPRERAPRJ10360,ANTRIKSH GOLF LINKS (PHASE-1),M/S ANTRIKSH ENGINEERS PRIVATE LIMITED ( ANTRIKSH,Gautam Buddha Nagar,Residential
120,UPRERAPRJ10944,Antriksh Golf View - I (Phase - II),ANTRIKSH DEVELOPERS & PROMOTERS PVT LTD ( ANTRIKSH,Gautam Buddha Nagar,Residential
121,UPRERAPRJ10343,Antriksh Golf View I,ANTRIKSH DEVELOPERS & PROMOTERS PVT LTD ( ANTRIKSH,Gautam Buddha Nagar,Residential
122,UPRERAPRJ10857,Antriksh Golf View II - Phase I,COLORFUL ESTATES PRIVATE LIMITED,Gautam Buddha Nagar,Residential
123,UPRERAPRJ7097,ANTRIKSH GOLF VIEW II ( PHASE II),COLORFUL ESTATES PRIVATE LIMITED,Gautam Buddha Nagar,Residential
124,UPRERAPRJ11308,ANTRIKSH GOLF VIEW II- COMMERCIAL,COLORFUL ESTATES PRIVATE LIMITED,Gautam Buddha Nagar,Residential
125,UPRERAPRJ7509,ANTRIKSH GRAND VIEW,CONSORTIUM INFRASTRUCTURE PVT LTD (ANTRIKSH INDIA,Gautam Buddha Nagar,Residential
126,UPRERAPRJ6048,ANTRIKSH GRAND VIEW (ANTRIKSH INDIA GROUP),KAILASHPURI BULIDTECH PRIVATE LIMITED (ANTRIKSH IN,Gautam Buddha Nagar,Residential
127,UPRERAPRJ10833,ANTRIKSH KANBALL 3G & FOREST(1),PERFECT PROPBUILD PVT LTD (ANTRIKSH GROUP),Gautam Buddha Nagar,Residential
128,UPRERAPRJ5929,ANTRIKSH VALLEY,DILIGENT BUILDERS PVT. LTD. (ANTRIKSH GROUP),Gautam Buddha Nagar,Residential
129,UPRERAPRJ7818,APEX ALPHABET (Formerly MISTY HEIGHTS),ALPHABET HEIGHTS PVT LTD (Formerly MAPLE REALCON PVT LTD),Gautam Buddha Nagar,Residential
130,UPRERAPRJ10394,APEX ATHENA,Apex Dream Homes Private Limited,Gautam Buddha Nagar,Residential
131,UPRERAPRJ8960,Apex Court,Apex Infraventures Pvt. Ltd.,Gautam Buddha Nagar,Residential
132,UPRERAPRJ8585,APEX GOLF AVENUE,FLORAL REALCON PVT LTD,Gautam Buddha Nagar,Residential
133,UPRERAPRJ16178,Apex Park Square,FLORAL REALCON PVT LTD; VIABLE VENTURE PVT LTD,Gautam Buddha Nagar,Commercial
134,UPRERAPRJ15792,ARIHANT ABODE,PROSPER BUILDTECH PRIVATE LIMITED,Gautam Buddha Nagar,Residential
135,UPRERAPRJ8415,"arihant arden phase 3( towers K,L,M,N)",ARIHANT INFRRA REALTORS PRIVATE LIMITED,Gautam Buddha Nagar,Residential
136,UPRERAPRJ939891,Arihant Armeria,ARHAM ESCON PVT. LTD.; ARHAM ESCON PVT. LTD.,Gautam Buddha Nagar,Residential
137,UPRERAPRJ723911,ARIHANT ONE,ARHAM ESCON PVT. LTD.,Gautam Buddha Nagar,Residential
138,UPRERAPRJ974543/02/2026,ARIHANT SEASONS,Arihant Urban Space Private Limited,Gautam Buddha Nagar,Residential
139,UPRERAPRJ585483/07/2026,Arqis Mall,ADONIS BUILDTECH PRIVATE LIMITED,Gautam Buddha Nagar,Commercial
140,UPRERAPRJ315914,Artha Block-2,Artha Infratech Pvt. Ltd.,Gautam Buddha Nagar,Commercial
141,UPRERAPRJ981876,Artha Block-A,Artha Infratech Pvt. Ltd.,Gautam Buddha Nagar,Commercial
142,UPRERAPRJ13390,Artham (Formerly Broadwalk),WIZTOWN PLANNERS PRIVATE LIMITED,Gautam Buddha Nagar,Commercial
143,UPRERAPRJ746615/10/2025,Ashtech Presidential Towers,Ashtech Industries Private Limited,Gautam Buddha Nagar,Residential
144,UPRERAPRJ569177,Aspire Plaza,NIRALA HOUSING PRIVATE LIMITED,Gautam Buddha Nagar,Commercial
145,UPRERAPRJ6098,Assotech Celeste Towers,ASSOTECHLIMITED,Gautam Buddha Nagar,Residential
146,UPRERAPRJ1594,Assotech Realty Private Limited,Assotech Realty Private Limited,Gautam Buddha Nagar,Commercial
147,UPRERAPRJ6078,Assotech Windsor Court Phase-I & II,ASSOTECHLIMITED,Gautam Buddha Nagar,Residential
148,UPRERAPRJ202227/09/2025,Astrathum,Parmesh Construction Company Limited; YASHODA SUPER SPECIALITY HOSPITALS PVT. LTD.,Gautam Buddha Nagar,Mixed
149,UPRERAPRJ2612,ATS BOUQUET,ATS DREAMZONE PRIVATE LIMITED,Gautam Buddha Nagar,Commercial
150,UPRERAPRJ417134,ATS DESTINAIRE,ATS Grand Realtors Private Limited; STARCITY BUILDCON PRIVATE LIMITED,Gautam Buddha Nagar,Residential
151,UPRERAPRJ3774,ATS DOLCE,Domus Greens Private Limited,Gautam Buddha Nagar,Residential
152,UPRERAPRJ3111,ATS HEDGES - PH1,ATS Realty Private Limited,Gautam Buddha Nagar,Residential
153,UPRERAPRJ697894,ATS KABANA HIGH,ATS Grand Realtors Private Limited; ATS GRAND REALTORS PRIVATE LIMITED; DAR INFRAVENTURES PRIVATE LIMITED,Gautam Buddha Nagar,Commercial
154,UPRERAPRJ2575,ATS KINGHOOD DRIVE,ATS HOMES PRIVATE LIMITED,Gautam Buddha Nagar,Commercial
155,UPRERAPRJ180413,ATS Kingston  Heath,CELERITY INFRASTRUCTURE PRIVATE LIMITED,Gautam Buddha Nagar,Residential
156,UPRERAPRJ3574,ATS Knightsbridge,ATS HEIGHTS PRIVATE LIMITED,Gautam Buddha Nagar,Residential
157,UPRERAPRJ14316,ATS LE GRANDIOSE PHASE-2,Nobility Estates Private Limited,Gautam Buddha Nagar,Residential
158,UPRERAPRJ3250,ATS LE GRANDIOSE -PHASE-I,Nobility Estates Private Limited,Gautam Buddha Nagar,Residential
159,UPRERAPRJ396176,ATS Picturesque Reprieves  Phase 2,ATS HOMES PRIVATE LIMITED,Gautam Buddha Nagar,Residential
160,UPRERAPRJ631,ATS Picturesque Reprieves Phase 1,ATS HOMES PRIVATE LIMITED,Gautam Buddha Nagar,Residential
161,UPRERAPRJ3796,ATS PRISTINE GOLF VILLAS ( Phase -1 ),CELERITY INFRASTRUCTURE PRIVATE LIMITED,Gautam Buddha Nagar,Residential
162,UPRERAPRJ2875,ATS PRISTINE-PHASE-II,ATS Housing Private Limited,Gautam Buddha Nagar,Residential
163,UPRERAPRJ804196/12/2024,AURUM ALUMNI ACCORD,FUTUREWORLD CONSTRUCTIONS PRIVATE LIMITED,Gautam Buddha Nagar,Mixed
164,UPRERAPRJ376378/11/2024,AURUM ALUMNI BLISS,STARCITY INFRADEVELOPERS  PRIVATE LIMITED,Gautam Buddha Nagar,Mixed
165,UPRERAPRJ185100,AVENUE 133,Franklin Infratech Pvt. Ltd.,Gautam Buddha Nagar,Commercial
166,UPRERAPRJ7336,AVS ORCHARD,AVP BUILDTECH (P) LTD.,Gautam Buddha Nagar,Residential
167,UPRERAPRJ11260,AVS ORCHID (H Tower),PERFECT PROPBUILD PVT LTD (ANTRIKSH GROUP),Gautam Buddha Nagar,Residential
168,UPRERAPRJ4197,AWHO GURJINDER VIHAR PHASE-IV,ARMY WELFARE HOUSING ORGANISATION,Gautam Buddha Nagar,Residential
169,UPRERAPRJ3914,"aypee Greens Pavilion Courts & Heights (Phase II),",Jaiprakash Associates Limited,Gautam Buddha Nagar,Residential
170,UPRERAPRJ15888,BALAJI APARTMENT,PANKAJ JAIN,Gautam Buddha Nagar,Residential
171,UPRERAPRJ6312,Bally Hai,SEIKOM INFRACOM PVT LTD,Gautam Buddha Nagar,Residential
172,UPRERAPRJ5580,Bandhan,Imperia Structures Ltd,Gautam Buddha Nagar,Commercial
173,UPRERAPRJ6938,BEETLE LAP (PHASE I),ROYAL HOMETOWN PLANNERS PRIVATE LIMITED,Gautam Buddha Nagar,Residential
174,UPRERAPRJ7022,BEETLE LAP (PHASE II),ROYAL HOMETOWN PLANNERS PRIVATE LIMITED,Gautam Buddha Nagar,Residential
175,UPRERAPRJ14205,BEETLE ORCHID,Yuvraj Infra Venture Private Limited,Gautam Buddha Nagar,Residential
176,UPRERAPRJ4480,BELVEDERE (Phase - 2: Tower E F & G),Sequel Buildcon Pvt. Ltd,Gautam Buddha Nagar,Residential
177,UPRERAPRJ4397,BELVEDERE (Phase-1: Tower A B C & D),Sequel Buildcon Pvt. Ltd,Gautam Buddha Nagar,Residential
178,UPRERAPRJ7235,BETA PLAZA,VINAYAKA SQUARE PRIVATE LIMITED,Gautam Buddha Nagar,Commercial
179,UPRERAPRJ9728,BHS-12/13  ETA-II GH-1A/1,GREATER NOIDA INDUSTRIAL DEVELOPMENT AUTHORITY,Gautam Buddha Nagar,Residential
180,UPRERAPRJ10006,BHS-14 EWS XU-3,GREATER NOIDA INDUSTRIAL DEVELOPMENT AUTHORITY,Gautam Buddha Nagar,Residential
181,UPRERAPRJ9651,BHS-16 MU-II,GREATER NOIDA INDUSTRIAL DEVELOPMENT AUTHORITY,Gautam Buddha Nagar,Residential
182,UPRERAPRJ9684,BHS-16 SECTOR-10,GREATER NOIDA INDUSTRIAL DEVELOPMENT AUTHORITY,Gautam Buddha Nagar,Residential
183,UPRERAPRJ9632,BHS-17 LOHIYA ENCLAVE OMICRON-1A,GREATER NOIDA INDUSTRIAL DEVELOPMENT AUTHORITY,Gautam Buddha Nagar,Residential
184,UPRERAPRJ9565,BHS-17 LOHIYA ENCLAVE SECTOR-12,GREATER NOIDA INDUSTRIAL DEVELOPMENT AUTHORITY,Gautam Buddha Nagar,Residential
185,UPRERAPRJ8764,"BHS-17, LOHIYA ENCLAVE, PLOT NO-GH-03A, OMICRON-1",GREATER NOIDA INDUSTRIAL DEVELOPMENT AUTHORITY,Gautam Buddha Nagar,Residential
186,UPRERAPRJ335396/01/2026,Bhutani 18,Goodliving  Infrastructure Private Limited,Gautam Buddha Nagar,Residential
187,UPRERAPRJ656513/08/2025,BIIGTECH,Prasandi Infotech Park Private Limited,Gautam Buddha Nagar,Commercial
188,UPRERAPRJ8301,BLESSINGS,GEOTECH PROMOTERS PVT LTD,Gautam Buddha Nagar,Residential
189,UPRERAPRJ4466,"BLOSSOM COUNTY ( PHASE-4 TOWER -L,M,A & C)",LOGIX INFRASTRUCTURE PVT.LTD.,Gautam Buddha Nagar,Residential
190,UPRERAPRJ4411,"BLOSSOM COUNTY(PHASE-3TOWER-J1, K ,N & CLUB )",LOGIX INFRASTRUCTURE PVT.LTD.,Gautam Buddha Nagar,Residential
191,UPRERAPRJ4243,"BLOSSOM GREENS ( PHASE- 4 TOWERS - E , F & G)",LOGIX INFRATECH PRIVATE LIMITED,Gautam Buddha Nagar,Residential
192,UPRERAPRJ4264,"BLOSSOM GREENS ( PHASE- 5 TOWERS - B , C & D )",LOGIX INFRATECH PRIVATE LIMITED,Gautam Buddha Nagar,Residential
193,UPRERAPRJ4186,"BLOSSOM GREENS (PHASE-2 TOWER- H, I &J)",LOGIX INFRATECH PRIVATE LIMITED,Gautam Buddha Nagar,Residential
194,UPRERAPRJ4218,"BLOSSOM GREENS (PHASE-3 TOWER A , K & CLUB HOUSE)",LOGIX INFRATECH PRIVATE LIMITED,Gautam Buddha Nagar,Residential
195,UPRERAPRJ4766,"BLOSSOM GREENS(PHASE-6 TOWER -U,V,W & SHOP)",LOGIX INFRATECH PRIVATE LIMITED,Gautam Buddha Nagar,Residential
196,UPRERAPRJ5597,"BLOSSOM ZEST (PHASE -1 TOWER- A ,B,C,& SAT-1 &2 )",LOGIX CITY DEVELOPERS PVT.LTD.,Gautam Buddha Nagar,Residential
197,UPRERAPRJ4834,"BLOSSOM ZEST (PHASE 2 TOWER- D,E,F & CLUB)",LOGIX CITY DEVELOPERS PVT.LTD.,Gautam Buddha Nagar,Residential
198,UPRERAPRJ4870,"BLOSSOM ZEST(PHASE -3 TOWER- SAT- 3,4,&7)",LOGIX CITY DEVELOPERS PVT.LTD.,Gautam Buddha Nagar,Residential
199,UPRERAPRJ4903,"BLOSSOM ZEST(PHASE- 4,TOWER- SAT-8,9 &10)",LOGIX CITY DEVELOPERS PVT.LTD.,Gautam Buddha Nagar,Residential
200,UPRERAPRJ7271,BOULEVARD WALK (PHASE 1),REGAL EMPORIA INFRATECH PRIVATE LIMITED,Gautam Buddha Nagar,Commercial
201,UPRERAPRJ7295,BOULEVARD WALK (PHASE 2),REGAL EMPORIA INFRATECH PRIVATE LIMITED,Gautam Buddha Nagar,Commercial
202,UPRERAPRJ7313,BOULEVARD WALK (PHASE 3),REGAL EMPORIA INFRATECH PRIVATE LIMITED,Gautam Buddha Nagar,Commercial
203,UPRERAPRJ15654,BOULEVARD WALK (PHASE 4),REGAL EMPORIA INFRATECH PRIVATE LIMITED,Gautam Buddha Nagar,Commercial
204,UPRERAPRJ15766,BRIGHTON HOUSES,anabia infrastructure private limited,Gautam Buddha Nagar,Residential
205,UPRERAPRJ5771,BUILTUPS ZONE I,M/s Uttam Steels & Associates { Consortium) throug; ANSAL HI-TECH TOWNSHIPS LTD,Gautam Buddha Nagar,Residential
206,UPRERAPRJ5838,BUILTUPS ZONE II,M/s Uttam Steels & Associates { Consortium) throug; ANSAL HI-TECH TOWNSHIPS LTD,Gautam Buddha Nagar,Residential
207,UPRERAPRJ5548,BULLAND CALISTO,BULLAND REALTORS PRIVATE LIMITED,Gautam Buddha Nagar,Residential
208,UPRERAPRJ16402,BULLAND CALISTO PHASE-II,BULLAND REALTORS PRIVATE LIMITED,Gautam Buddha Nagar,Residential
209,UPRERAPRJ16437,BULLAND CALISTO PHASE-III,BULLAND REALTORS PRIVATE LIMITED,Gautam Buddha Nagar,Residential
210,UPRERAPRJ4967,BULLAND ELEVATES,BULLAND BUILDTECH PRIVATE LIMITED,Gautam Buddha Nagar,Residential
211,UPRERAPRJ6310,Capital Athena (Phase-1),CAPITAL INFRATECHOMES  PRIVATE LIMITED,Gautam Buddha Nagar,Residential
212,UPRERAPRJ6377,CAPITAL ATHENA (Phase-2),CAPITAL INFRATECHOMES  PRIVATE LIMITED,Gautam Buddha Nagar,Residential
213,UPRERAPRJ967323,CAPITAL ATHENA PHASE-3  COMMERCIAL,CAPITAL INFRATECHOMES  PRIVATE LIMITED,Gautam Buddha Nagar,Commercial
214,UPRERAPRJ7063,CAPITAL CITY,BPTP LIMITED,Gautam Buddha Nagar,Commercial
215,UPRERAPRJ665479,Capitol Avenue,ANAND HABITAT INFRASTRUCTURE PRIVATE LIMITED; CHAMBAL TRADINGS PRIVATE LIMITED,Gautam Buddha Nagar,Commercial
216,UPRERAPRJ10265,CASA GRANDE,EARTHCON CONSTRUCTIONS PRIVATE LIMITED,Gautam Buddha Nagar,Residential
217,UPRERAPRJ4491,CASA GRANDE-2,EARTHCON CONSTRUCTIONS PRIVATE LIMITED,Gautam Buddha Nagar,Residential
218,UPRERAPRJ391718/03/2026,CASA GRANDE2-TOWERA1,EARTHCON CONSTRUCTIONS PRIVATE LIMITED,Gautam Buddha Nagar,Residential
219,UPRERAPRJ3708,CASA GREENS1,RADHEY KRISHNA TECHNO BUILD PVT LTD,Gautam Buddha Nagar,Residential
220,UPRERAPRJ4689,CASA ROYALE & SANSKRITI,EARTHCON UNIVERSAL INFRATECH PRIVATE LIMITED,Gautam Buddha Nagar,Residential
221,UPRERAPRJ2855,CASA WOODSTOCK,ANGELS INFRAHEIGHT PRIVATE LIMITED,Gautam Buddha Nagar,Residential
222,UPRERAPRJ9635,CENTRADE BUSINESS PARK PHASE I,KRASA INTERNATIONAL PVT. LTD.,Gautam Buddha Nagar,Commercial
223,UPRERAPRJ11099,CENTRADE BUSINESS PARK PHASE II,KRASA INTERNATIONAL PVT. LTD.,Gautam Buddha Nagar,Commercial
224,UPRERAPRJ770290,CENTRAL 50,WEST WAY CITY CENTRE LLP,Gautam Buddha Nagar,Commercial
225,UPRERAPRJ805659/07/2024,CENTRAL IKON,BUSINESS BAY FIN INFRA PRIVATE LIMITED,Gautam Buddha Nagar,Commercial
226,UPRERAPRJ101301,CENTRAL MARKET,WEST WAY REALTY LLP,Gautam Buddha Nagar,Commercial
227,UPRERAPRJ17739,CENTRAL PLAZA,AIMS ANGEL INFRATECH LLP,Gautam Buddha Nagar,Commercial
228,UPRERAPRJ11256,centurian park,AMRAPALI CENTURIAN PARK PVT LTD,Gautam Buddha Nagar,Residential
229,UPRERAPRJ13904,CIRCUIT HEIGHTS,MSA DEVELOPERS PVT. LTD.,Gautam Buddha Nagar,Residential
230,UPRERAPRJ270081,City Center 150,Logix Infradevelopers Private Limited,Gautam Buddha Nagar,Commercial
231,UPRERAPRJ364474,civitech Santoni,Civitech Buildcon Private Limited,Gautam Buddha Nagar,Commercial
232,UPRERAPRJ8725,Civitech Stadia,Golfgreen Superstructures Private Limited,Gautam Buddha Nagar,Residential
233,UPRERAPRJ646272,Civitech Strings,SA.G.Realtech Private Limited,Gautam Buddha Nagar,Residential
234,UPRERAPRJ2369,"Cleo County ,Phase -2,(Comprising towers A-3,A-4,A",IV COUNTY PVT LTD,Gautam Buddha Nagar,Residential
235,UPRERAPRJ2437,"Cleo County ,Phase -3,(Comprising towers E1,E2,E3,",IV COUNTY PVT LTD,Gautam Buddha Nagar,Residential
236,UPRERAPRJ5931,"Cleo County, Ph 1 ( comprising of tower D1 D2 C1 C",IV County Pvt Ltd,Gautam Buddha Nagar,Residential
237,UPRERAPRJ696539/11/2025,Clove County,Shirja Real Estate Solutions Pvt. Ltd.,Gautam Buddha Nagar,Residential
238,UPRERAPRJ958386,Coco County,Shirja Real Estate Solutions Pvt. Ltd.,Gautam Buddha Nagar,Residential
239,UPRERAPRJ7166,Commercial Complex by KK Projects at Delhi One,KK Projects,Gautam Buddha Nagar,Commercial
240,UPRERAPRJ15338,"Convenient Shopping Complex, Sector 22D",Yamuna Expressway Industrial devlopment Authority,Gautam Buddha Nagar,Commercial
241,UPRERAPRJ837374,County One O Seven,Countyconcept Developers LLP; ACE INRACITY DEVELOPERS PRIVATE LIMITED,Gautam Buddha Nagar,Residential
242,UPRERAPRJ613747,CRC Joyous,CRC Homes Private Limited; HABITECH INFRASTRUCTURE LIMITED,Gautam Buddha Nagar,Residential
243,UPRERAPRJ724518/07/2024,CRC MAESTA,CRC Homes Private Limited; COMELY BUILDTECH INDIA PRIVATE LIMITED,Gautam Buddha Nagar,Residential
244,UPRERAPRJ15180,CRC SUBLIMIS,Enticement Infrastructure Private Limited,Gautam Buddha Nagar,Residential
245,UPRERAPRJ151,Crest,AR LANDCRAFT LLP,Gautam Buddha Nagar,Commercial
246,UPRERAPRJ10126,Crossroad,anil gupta,Gautam Buddha Nagar,Residential
247,UPRERAPRJ438937/04/2026,Crown Residences at Godrej Golf Links,AR LANDCRAFT LLP,Gautam Buddha Nagar,Residential
248,UPRERAPRJ14041,Curio City,ORRIS INFRASTRUCTURE PRIVATE LIMITED,Gautam Buddha Nagar,Residential
249,UPRERAPRJ5566,Cyber,Imperia Structures Ltd,Gautam Buddha Nagar,Commercial
250,UPRERAPRJ184449/10/2025,CYBER CITY,Elegant IT Solutions Private Limited,Gautam Buddha Nagar,Commercial
251,UPRERAPRJ436071/04/2024,CYBER HUB 2,Galactic City Private Limited; ELEGANT IT SOLUTIONS PVT. LTD.,Gautam Buddha Nagar,Commercial
252,UPRERAPRJ533406/10/2025,CYBER PARK,Elegant IT Solutions Private Limited,Gautam Buddha Nagar,Commercial
253,UPRERAPRJ236478,CYBERTHUM PHASE A,MAX-DIGI INFOTECH PRIVATE LIMITED,Gautam Buddha Nagar,Commercial
254,UPRERAPRJ240015,CYBERTHUM PHASE B,MAX-DIGI INFOTECH PRIVATE LIMITED,Gautam Buddha Nagar,Commercial
255,UPRERAPRJ190938,CYBERTHUM PHASE E (BLOCK A),MAX-DIGI INFOTECH PRIVATE LIMITED,Gautam Buddha Nagar,Commercial
256,UPRERAPRJ674006,CYBERTHUM PHASE H (BLOCK D),MAX-DIGI INFOTECH PRIVATE LIMITED,Gautam Buddha Nagar,Commercial
257,UPRERAPRJ452606,CYBERTHUM PHASE II,MAX-DIGI INFOTECH PRIVATE LIMITED,Gautam Buddha Nagar,Commercial
258,UPRERAPRJ11424,DAFFODIL TOWER L (ELEMENTS & CONVINIENT SHOPS),MPG REALTY PRIVATE LIMITED,Gautam Buddha Nagar,Residential
259,UPRERAPRJ823868,DASNAC ARC (PHASE I),MONTEVISTA PRIVATE LIMITED,Gautam Buddha Nagar,Commercial
260,UPRERAPRJ518502/05/2024,DASNAC PLACE,WESTRIVER PRIVATE LIMITED,Gautam Buddha Nagar,Commercial
261,UPRERAPRJ239402/06/2024,DASNAC WESTMINSTER,E HOMES INFRASTRUCTURE PVT LTD,Gautam Buddha Nagar,Mixed
262,UPRERAPRJ871413/01/2025,DASNAC YUVA,CLEARLAKE PRIVATE LIMITED,Gautam Buddha Nagar,Commercial
263,UPRERAPRJ9759,"DELHI ONE TOWER B, FS HOTEL, RESI 1,2,3 AND RETAIL",BOULEVARD PROJECTS PRIVATE LIMITED,Gautam Buddha Nagar,Commercial
264,UPRERAPRJ10308,DELTA CITY CENTRE,STARTLE INFRASTRUCTURE PRIVATE LIMITED,Gautam Buddha Nagar,Commercial
265,UPRERAPRJ787189/12/2025,Delta Square,Baba Projects Private Limited,Gautam Buddha Nagar,Commercial
266,UPRERAPRJ349486/03/2026,Delta Square 1,BABAGREEN INFRABUILD PRIVATE LIMITED,Gautam Buddha Nagar,Commercial
267,UPRERAPRJ5398,DEVIKA GOLD HOMZ,DEVIKA GOLD HOMZ PVT. LTD.,Gautam Buddha Nagar,Residential
268,UPRERAPRJ3601,Divyansh Flora,Divyansh Infraheight Pvt. Ltd.,Gautam Buddha Nagar,Residential
269,UPRERAPRJ8174,Divyansh Flora,Divyansh Infraheight Pvt. Ltd.,Gautam Buddha Nagar,Residential
270,UPRERAPRJ120773/08/2025,DIVYANSH GREEN HEIGHTS,PRASU DIVYANSH INFRAHEIGHT LLP,Gautam Buddha Nagar,Residential
271,UPRERAPRJ327475/10/2025,Divyarv Grande,Sukadiv Projects LLP,Gautam Buddha Nagar,Commercial
272,UPRERAPRJ720547,DLF Techpark Noida,URVASI INFRATECH PRIVATE LIMITED,Gautam Buddha Nagar,Commercial
273,UPRERAPRJ385951/08/2024,DLF Techpark Noida Phase 2,URVASI INFRATECH PRIVATE LIMITED,Gautam Buddha Nagar,Commercial
274,UPRERAPRJ13810,Dream Homes-2,MAAN PROPERTIES AND DEVELOPERS PVT. LTD.,Gautam Buddha Nagar,Residential
275,UPRERAPRJ13964,Dream Valley-1 (Villa),AMRAPALI DREAM VALLEY PRIVATE LIMITED,Gautam Buddha Nagar,Residential
276,UPRERAPRJ13966,"Dream Valley-2, Phase-1 (A1 to A7)",AMRAPALI DREAM VALLEY PRIVATE LIMITED,Gautam Buddha Nagar,Residential
277,UPRERAPRJ13968,"Dream Valley-2, Phase-2 (B5,B6, C1 TO C5 , C11 & C12)",AMRAPALI DREAM VALLEY PRIVATE LIMITED,Gautam Buddha Nagar,Residential
278,UPRERAPRJ13960,"Dream Valley-2, Phase-3 (C6 TO C10)",AMRAPALI DREAM VALLEY PRIVATE LIMITED,Gautam Buddha Nagar,Residential
279,UPRERAPRJ13972,"Dream Valley-2, Phase-4 (D1,D2, E1 TO E8)",AMRAPALI DREAM VALLEY PRIVATE LIMITED,Gautam Buddha Nagar,Residential
280,UPRERAPRJ13976,"Dream Valley-2, Phase-5 (B1 TO B4 & F1 TO F12)",AMRAPALI DREAM VALLEY PRIVATE LIMITED,Gautam Buddha Nagar,Residential
281,UPRERAPRJ1440,DURVA GREENS,KAMRUP HOUSING PROJECT PVT. LTD.,Gautam Buddha Nagar,Residential
282,UPRERAPRJ9893,Earth Gracia,EARTH GRACIA BUILDCON PRIVATE LIMITED,Gautam Buddha Nagar,Residential
283,UPRERAPRJ9887,Earth Sapphire Court,EARTH INFRASTRUCTURES LIMITED,Gautam Buddha Nagar,Commercial
284,UPRERAPRJ9979,Earth Techone,EARTH INFRASTRUCTURES LIMITED,Gautam Buddha Nagar,Commercial
285,UPRERAPRJ13809,Earth Titanium,EARTH ICONIC INFRASTRUCTURES PRIVATE LIMITED,Gautam Buddha Nagar,Commercial
286,UPRERAPRJ10012,Earth Towne,EARTH INFRASTRUCTURES LIMITED,Gautam Buddha Nagar,Residential
287,UPRERAPRJ4112,ECO VILLAGE-II (PHASE-I),SUPERTECH LIMITED,Gautam Buddha Nagar,Residential
288,UPRERAPRJ510056/09/2025,EKANAM,GreatValue Projects India Limited,Gautam Buddha Nagar,Residential
289,UPRERAPRJ106523/01/2026,Eldeco 7 Peaks Residences,Eldeco Homes Developers Limited,Gautam Buddha Nagar,Residential
290,UPRERAPRJ1916,ELDECO AAMANTRAN(INSPIRE & EDGE,Eldeco Infrastructure and Properties Limited,Gautam Buddha Nagar,Residential
291,UPRERAPRJ921261/05/2025,Eldeco Ballads of Bliss,Eldeco Goodliving Properties Limited,Gautam Buddha Nagar,Residential
292,UPRERAPRJ125342/02/2026,ELDECO ECHOES OF EDEN,Eldeco Sohna Projects Limited,Gautam Buddha Nagar,Residential
293,UPRERAPRJ136219/04/2024,Eldeco La Vida Bella,Eldeco Real Estate Limited,Gautam Buddha Nagar,Residential
294,UPRERAPRJ15172,ELDECO LIVE BY THE GREENS (PHASE I),Wondrous Buildmart Private Limited,Gautam Buddha Nagar,Residential
295,UPRERAPRJ575706,Eldeco Live By The Greens Phase -III,Wondrous Buildmart Private Limited,Gautam Buddha Nagar,Residential
296,UPRERAPRJ121123,Eldeco Live By the Greens Phase-II,Wondrous Buildmart Private Limited,Gautam Buddha Nagar,Residential
297,UPRERAPRJ752382/09/2025,Eldeco Whispers of Wonder,Eldeco Sohna Projects Limited,Gautam Buddha Nagar,Residential
298,UPRERAPRJ10243,ELEGANT SPLENDOUR PHASE-1,ELEGANT INFRACON PVT LTD; FLORAL REALTECH PRIVATE LIMITED,Gautam Buddha Nagar,Residential
299,UPRERAPRJ10279,ELEGANT SPLENDOUR PHASE-3,ELEGANT INFRACON PVT LTD; FLORAL REALTECH PRIVATE LIMITED,Gautam Buddha Nagar,Residential
300,UPRERAPRJ10120,ELEGANT VILLE PHASE-1,ELEGANT INFRACON PVT LTD,Gautam Buddha Nagar,Residential
301,UPRERAPRJ10224,ELEGANT VILLE PHASE-3,ELEGANT INFRACON PVT LTD,Gautam Buddha Nagar,Residential
302,UPRERAPRJ10234,ELEGANT VILLE PHASE-4,ELEGANT INFRACON PVT LTD,Gautam Buddha Nagar,Residential
303,UPRERAPRJ4654,ELITE GOLF GREENS,GOLFGREEN MANSIONS PVT. LTD.,Gautam Buddha Nagar,Residential
304,UPRERAPRJ916631/02/2024,Elite X,GOLFGREEN MANSIONS PVT. LTD.,Gautam Buddha Nagar,Residential
305,UPRERAPRJ6010,ELIXIR MALL,SDS INFRASTRUCTURE PRIVATE LIMITED,Gautam Buddha Nagar,Commercial
306,UPRERAPRJ15152,EMBARK PLAZA,K2N Infra India Private Limited,Gautam Buddha Nagar,Commercial
307,UPRERAPRJ11486,Emerald Court Phase II (Apex & Ceyane),SUPERTECH LIMITED,Gautam Buddha Nagar,Residential
308,UPRERAPRJ11733,EMINENCE - PHASE 1,ABET BUILDCON PRIVATE LIMITED,Gautam Buddha Nagar,Residential
309,UPRERAPRJ828955,Eminence Phase-2,ELICIT REALTECH PRIVATE LIMITED,Gautam Buddha Nagar,Residential
310,UPRERAPRJ13977,ENCHANTE (H5 TO H9),AMRAPALI DREAM VALLEY PRIVATE LIMITED,Gautam Buddha Nagar,Residential
311,UPRERAPRJ301564,Eros Sampoornam 2,AJAY ENTERPRISES PRIVATE LIMITED,Gautam Buddha Nagar,Residential
312,UPRERAPRJ512436/07/2024,Eros Sampoornam 3,AJAY ENTERPRISES PRIVATE LIMITED,Gautam Buddha Nagar,Residential
313,UPRERAPRJ972907,EROS SAMPOORNAM I,AJAY ENTERPRISES PRIVATE LIMITED,Gautam Buddha Nagar,Residential
314,UPRERAPRJ6825,E-SQUARE (COMMERCIAL),HOTSHOT DEVELOPERS PRIVATE LIMITED,Gautam Buddha Nagar,Commercial
315,UPRERAPRJ529777/03/2026,Estate 105,MAX ESTATES NOIDA PRIVATE LIMITED,Gautam Buddha Nagar,Mixed
316,UPRERAPRJ446459,Estate 128,Max Estates 128 Private Limited,Gautam Buddha Nagar,Residential
317,UPRERAPRJ294911/12/2024,Estate 128 - II,Max Estates 128 Private Limited,Gautam Buddha Nagar,Residential
318,UPRERAPRJ469983,Eureka Park - Phase 2,Land Kart Builders Private Limited,Gautam Buddha Nagar,Residential
319,UPRERAPRJ5448,EUREKA PARK-PHASE 1,Land Kart Builders Private Limited,Gautam Buddha Nagar,Residential
320,UPRERAPRJ2126,EVOKE,AR LANDCRAFT LLP,Gautam Buddha Nagar,Commercial
321,UPRERAPRJ5563,EWS AASRA ZONE I (E01- E16),M/s Uttam Steels & Associates { Consortium) throug; ANSAL HI-TECH TOWNSHIPS LTD,Gautam Buddha Nagar,Residential
322,UPRERAPRJ5561,EWS Aasra ZONE II (E17-E32),M/s Uttam Steels & Associates { Consortium) throug; ANSAL HI-TECH TOWNSHIPS LTD,Gautam Buddha Nagar,Residential
323,UPRERAPRJ5606,EWS AASRA ZONE III (E33- E80),M/s Uttam Steels & Associates { Consortium) throug; ANSAL HI-TECH TOWNSHIPS LTD,Gautam Buddha Nagar,Residential
324,UPRERAPRJ731857/04/2025,Exotica 132,EXOTICA INFRATECH LLP,Gautam Buddha Nagar,Commercial
325,UPRERAPRJ9577,Exotica Dreamville Phase-III (Tower T-1 & T-2),Exotica Housing & Infrastructure Projects Pvt Ltd.,Gautam Buddha Nagar,Residential
326,UPRERAPRJ5545,Exotica Dreamville Phase-IV (Tower T-14 &T-15),Exotica Housing & Infrastructure Projects Pvt Ltd.,Gautam Buddha Nagar,Residential
327,UPRERAPRJ120027/04/2024,Experion Elements Phase-1,Experion Developers Pvt. Ltd,Gautam Buddha Nagar,Residential
328,UPRERAPRJ953234/04/2024,Experion Elements Phase-2,Experion Developers Pvt. Ltd,Gautam Buddha Nagar,Residential
329,UPRERAPRJ747628/01/2026,Experion SAATORI,Experion Developers Pvt. Ltd,Gautam Buddha Nagar,Residential
330,UPRERAPRJ479698,Express Astra (Phase-1),Express Projects Pvt. Ltd.,Gautam Buddha Nagar,Residential
331,UPRERAPRJ229234,Express Astra (Phase-II),Express Projects Pvt. Ltd.,Gautam Buddha Nagar,Residential
332,UPRERAPRJ816123/04/2026,Express One34,Expressway Hospitality Private Limited,Gautam Buddha Nagar,Commercial
333,UPRERAPRJ3393,"Express Zenith (Phase 2, Tower B and C)",Express Builders & Promoters Pvt. Ltd.,Gautam Buddha Nagar,Residential
334,UPRERAPRJ980703/04/2024,EXPRESS ZENITH (TOWER A),Express Builders & Promoters Pvt. Ltd.,Gautam Buddha Nagar,Residential
335,UPRERAPRJ211016,Eye Of Noida (EON) - Block-A,FAIRFOX ITINFRA PRIVATE LIMITED,Gautam Buddha Nagar,Commercial
336,UPRERAPRJ882013,EYE OF NOIDA (EON) BLOCK -B AND D,FAIRFOX ITINFRA PRIVATE LIMITED,Gautam Buddha Nagar,Commercial
337,UPRERAPRJ716606,EYE OF NOIDA (EON) BLOCK-E,FAIRFOX ITINFRA PRIVATE LIMITED,Gautam Buddha Nagar,Commercial
338,UPRERAPRJ7115,F PREMIERE (PHASE 1),HOME AND SOUL INFRATECH PRIVATE LIMITED,Gautam Buddha Nagar,Residential
339,UPRERAPRJ7173,F PREMIERE (PHASE 2),HOME AND SOUL INFRATECH PRIVATE LIMITED,Gautam Buddha Nagar,Residential
340,UPRERAPRJ7195,F PREMIERE (PHASE 3),HOME AND SOUL INFRATECH PRIVATE LIMITED,Gautam Buddha Nagar,Residential
341,UPRERAPRJ3983,FAIRWAY ZONE-1,M/s Uttam Steels & Associates { Consortium) throug; ANSAL HI-TECH TOWNSHIPS LTD,Gautam Buddha Nagar,Residential
342,UPRERAPRJ4526,FAIRWAY ZONE-2 (Tower F & K),M/s Uttam Steels & Associates { Consortium) throug; ANSAL HI-TECH TOWNSHIPS LTD,Gautam Buddha Nagar,Residential
343,UPRERAPRJ4814,FAIRWAY ZONE-3 (Tower E & L),M/s Uttam Steels & Associates { Consortium) throug; ANSAL HI-TECH TOWNSHIPS LTD,Gautam Buddha Nagar,Residential
344,UPRERAPRJ4863,"FAIRWAY ZONE-4 (Tower A, G, H, J & I)",M/s Uttam Steels & Associates { Consortium) throug; ANSAL HI-TECH TOWNSHIPS LTD,Gautam Buddha Nagar,Residential
345,UPRERAPRJ5677,FAIRWAY ZONE-5 (TOWER C&D),M/s Uttam Steels & Associates { Consortium) throug; ANSAL HI-TECH TOWNSHIPS LTD,Gautam Buddha Nagar,Residential
346,UPRERAPRJ2873,Festival City Phase-I(De-Registered Project),Mist Direct Sales Private Limited,Gautam Buddha Nagar,Commercial
347,UPRERAPRJ3056,Festival City Phase-II,Mist Direct Sales Private Limited,Gautam Buddha Nagar,Commercial
348,UPRERAPRJ3088,Festival City Phase-III,Mist Direct Sales Private Limited,Gautam Buddha Nagar,Commercial
349,UPRERAPRJ662072/10/2024,FIVEO,GYGY DEVELOPERS PRIVATE LIMITED,Gautam Buddha Nagar,Commercial
350,UPRERAPRJ13277,FLORA HERITAGE,SOLARIS REALTECH PVT. LTD.,Gautam Buddha Nagar,Residential
351,UPRERAPRJ8813,"Footprints for Commercial Use, Sec-22A",Yamuna Expressway Industrial devlopment Authority,Gautam Buddha Nagar,Commercial
352,UPRERAPRJ3680,"FORESTE, PHASE-I (COMPRISING TOWERS T1, T2, T3,T8,",AURA BUILDWELL PVT. LTD.,Gautam Buddha Nagar,Residential
353,UPRERAPRJ3777,"FORESTE, PHASE-II (COMPRISING TOWERS T4, T5,T9)",AURA BUILDWELL PVT. LTD.,Gautam Buddha Nagar,Residential
354,UPRERAPRJ2744,FRENCH APARTMENTS,ANTHEM INFRASTRUCTURE PVT. LTD.,Gautam Buddha Nagar,Residential
355,UPRERAPRJ3302,Fusion Homes,Fusion Buildtech Private Limited,Gautam Buddha Nagar,Residential
356,UPRERAPRJ7361,Future  estate (Phase-fe-1),FUTUREWORLD GREENHOMES PVT. LTD.,Gautam Buddha Nagar,Residential
357,UPRERAPRJ7399,Future Estate (Phase -fe-4),FUTUREWORLD GREENHOMES PVT. LTD.,Gautam Buddha Nagar,Residential
358,UPRERAPRJ7386,Future Estate (Phase-fe-3),FUTUREWORLD GREENHOMES PVT. LTD.,Gautam Buddha Nagar,Residential
359,UPRERAPRJ7369,Future Estate(Phase-Fe-2),FUTUREWORLD GREENHOMES PVT. LTD.,Gautam Buddha Nagar,Residential
360,UPRERAPRJ6157,"G.H. Scheme (Omaxe Riyaasat) on Plot No. GH-I,II,",Omaxe Buildhome Private Limited,Gautam Buddha Nagar,Residential
361,UPRERAPRJ194193,Galactic City- Cyberhub,Galactic City Private Limited; ELEGANT IT SOLUTIONS PVT. LTD.,Gautam Buddha Nagar,Commercial
362,UPRERAPRJ15254,Galactic City-Universal Tower,Homes Connect Developers Private Limited,Gautam Buddha Nagar,Commercial
363,UPRERAPRJ7182,GALAXY BLUE SAPPHIRE PLAZA,GLD INFRAPROJECTS PRIVATE LIMITED,Gautam Buddha Nagar,Commercial
364,UPRERAPRJ6760,Galaxy Diamond Plaza,Asteroid Shelters Homes Pvt. Ltd,Gautam Buddha Nagar,Commercial
365,UPRERAPRJ5458,Galaxy North Avenue (Tower G),Galaxy  International Realtech Pvt. Ltd.,Gautam Buddha Nagar,Residential
366,UPRERAPRJ4506,"Galaxy North Avenue II - Towers A,B & D",Galaxy Dream Home Developers pvt ltd,Gautam Buddha Nagar,Residential
367,UPRERAPRJ5806,GALAXY ROYALE  Ph1  Towers A Keshav/B Gokul/CSC,PRITHVEELINK BUILDWELL PRIVATE LIMITED,Gautam Buddha Nagar,Residential
368,UPRERAPRJ5836,"GALAXY ROYALE ,Phase-2(Tower C Vrindavan,Club)",PRITHVEELINK BUILDWELL PRIVATE LIMITED,Gautam Buddha Nagar,Residential
369,UPRERAPRJ4890,Galaxy Vega - Tower F&G and CSC Green Arcade,PANCH TATVA PROMOTERS PRIVATE LIMITED,Gautam Buddha Nagar,Residential
370,UPRERAPRJ7346,Gardenia Gateway,FUTEC SHELTERS PRIVATE LIMITED,Gautam Buddha Nagar,Residential
371,UPRERAPRJ11023,Gardenia Gateway (Phase-I),GARDENIA INDIA LIMITED,Gautam Buddha Nagar,Residential
372,UPRERAPRJ11037,Gardenia Gateway (Phase-II),GARDENIA INDIA LIMITED,Gautam Buddha Nagar,Residential
373,UPRERAPRJ181923,Gateway  Plaza,AR LANDCRAFT LLP,Gautam Buddha Nagar,Commercial
374,UPRERAPRJ950965/07/2026,GAUR ALARIS (PHASE 1),Gaursons India Private Limited,Gautam Buddha Nagar,Residential
375,UPRERAPRJ6838,Gaur Atulyam,UP Township Infrastructure Private Limited,Gautam Buddha Nagar,Residential
376,UPRERAPRJ622344/11/2025,GAUR CHRYSALIS  (PHASE 1),Gaursons Promoters Private Limited,Gautam Buddha Nagar,Residential
377,UPRERAPRJ10206,Gaur City Arcade,Gaursons Promoters Private Limited,Gautam Buddha Nagar,Commercial
378,UPRERAPRJ4780,Gaur City Center,Gaursons Hi-Tech Infrastructure Private Limited,Gautam Buddha Nagar,Commercial
379,UPRERAPRJ6934,Gaur City Mall,Gaursons Hi-Tech Infrastructure Private Limited,Gautam Buddha Nagar,Commercial
380,UPRERAPRJ7057,Gaur Mulberry Mansions - FH-02,Gaursons India Private Limited,Gautam Buddha Nagar,Residential
381,UPRERAPRJ4897,Gaur Mulberry Mansions - FH-03,Gaursons Hi-Tech Infrastructure Private Limited,Gautam Buddha Nagar,Residential
382,UPRERAPRJ6335,Gaur Saundaryam (Phase-2),Gaursons Realty Private Limited,Gautam Buddha Nagar,Residential
383,UPRERAPRJ3528,Gaur Sportswood,Gaursons Sportswood Private Limited,Gautam Buddha Nagar,Residential
384,UPRERAPRJ674297,Gaur World Street,Fastidious Buildmart Private Limited,Gautam Buddha Nagar,Commercial
385,UPRERAPRJ351477,Gaurs Runway Suites - Master Plan Commercial (Gaur Yamuna City),Gaursons Realtech Private Limited,Gautam Buddha Nagar,Commercial
386,UPRERAPRJ7084,GAYATRI AURA,GAYATRI HOSPITALITY AND REAL CON LIMITED; FLORAL HOMES PRIVATE LIMITED,Gautam Buddha Nagar,Residential
387,UPRERAPRJ7360,GAYATRI LIFE,GAYATRI INFRA PLANNER PRIVATE LIMITED,Gautam Buddha Nagar,Residential
388,UPRERAPRJ9384,"GH-06, SEC-22A, YEIDA, PHASE 1 (YAMUNOTRI)",Yamuna Expressway Industrial devlopment Authority,Gautam Buddha Nagar,Residential
389,UPRERAPRJ8947,"GH06, Sec-22D, YEIDA",Yamuna Expressway Industrial devlopment Authority,Gautam Buddha Nagar,Residential
390,UPRERAPRJ7234,GH-07/75 GOLF CITY,Aims Max Gardenia Developers Private Limited,Gautam Buddha Nagar,Residential
391,UPRERAPRJ11463,GH-08/75 (PHASE-1) GOLF CITY,Aims Max Gardenia Developers Private Limited,Gautam Buddha Nagar,Residential
392,UPRERAPRJ11479,GH-08/75 (PHASE-2) GOLF CITY,Aims Max Gardenia Developers Private Limited,Gautam Buddha Nagar,Residential
393,UPRERAPRJ11481,GH-08/75 (PHASE-3) GOLF CITY,Aims Max Gardenia Developers Private Limited,Gautam Buddha Nagar,Residential
394,UPRERAPRJ11485,GH-11/75 (PHASE-1) GOLF CITY,Aims Max Gardenia Developers Private Limited,Gautam Buddha Nagar,Residential
395,UPRERAPRJ11547,GH-11/75 (PHASE-2) GOLF CITY,Aims Max Gardenia Developers Private Limited,Gautam Buddha Nagar,Residential
396,UPRERAPRJ11557,GH-11/75 (PHASE-3) GOLF CITY,Aims Max Gardenia Developers Private Limited,Gautam Buddha Nagar,Residential
397,UPRERAPRJ11563,GH-11/75 (PHASE-4) GOLF CITY,Aims Max Gardenia Developers Private Limited,Gautam Buddha Nagar,Residential
398,UPRERAPRJ6745,Global Business Square,SRIGARV INFRATECH PVT LTD,Gautam Buddha Nagar,Commercial
399,UPRERAPRJ11573,GLORY 46 (PHASE-1),Gardenia Aims Developers Private Limited,Gautam Buddha Nagar,Residential
400,UPRERAPRJ11594,GLORY 46 (PHASE-2),Gardenia Aims Developers Private Limited,Gautam Buddha Nagar,Residential
401,UPRERAPRJ11598,GLORY 46 (PHASE-3),Gardenia Aims Developers Private Limited,Gautam Buddha Nagar,Residential
402,UPRERAPRJ11608,GLORY 46 (PHASE-4),Gardenia Aims Developers Private Limited,Gautam Buddha Nagar,Residential
403,UPRERAPRJ11614,GLORY 46 (PHASE-5),Gardenia Aims Developers Private Limited,Gautam Buddha Nagar,Residential
404,UPRERAPRJ11626,GLORY 46 (PHASE-6),Gardenia Aims Developers Private Limited,Gautam Buddha Nagar,Residential
405,UPRERAPRJ11633,GLORY 46 (PHASE-7),Gardenia Aims Developers Private Limited,Gautam Buddha Nagar,Residential
406,UPRERAPRJ6586,Glory Apartments,Unibera Hospitality Services Pvt. Ltd.,Gautam Buddha Nagar,Residential
407,UPRERAPRJ110163/08/2025,Godrej Arden,Godrej Properties Limited,Gautam Buddha Nagar,Residential
408,UPRERAPRJ839208/07/2025,Godrej Avenue 9,AR LANDCRAFT LLP,Gautam Buddha Nagar,Commercial
409,UPRERAPRJ288309/04/2024,Godrej Jardinia,Godrej Properties Limited,Gautam Buddha Nagar,Mixed
410,UPRERAPRJ250823/04/2025,"Godrej Majesty GH-01/B,C,D,E.J and K  Sec 12 -G Noida",Godrej Properties Limited,Gautam Buddha Nagar,Mixed
411,UPRERAPRJ13521,GODREJ NEST PHASE-1,BRICK RISE DEVELOPERS PVT. LTD.,Gautam Buddha Nagar,Residential
412,UPRERAPRJ14252,GODREJ NEST PHASE-2,BRICK RISE DEVELOPERS PVT. LTD.,Gautam Buddha Nagar,Residential
413,UPRERAPRJ17861,Godrej Nurture Phase-1,BRICK RISE DEVELOPERS PVT. LTD.,Gautam Buddha Nagar,Residential
414,UPRERAPRJ745601,Godrej Palm Retreat 1,ACE INFRACITY DEVELOPERS PRIVATE LIMITED,Gautam Buddha Nagar,Residential
415,UPRERAPRJ124632,Godrej Palm Retreat 2,ACE INFRACITY DEVELOPERS PRIVATE LIMITED,Gautam Buddha Nagar,Residential
416,UPRERAPRJ763929/11/2024,Godrej Riverine,Godrej Properties Limited,Gautam Buddha Nagar,Mixed
417,UPRERAPRJ303390,Godrej Tropical Isle,Godrej Properties Limited,Gautam Buddha Nagar,Mixed
418,UPRERAPRJ145318,Godrej Woods Phase II,Roseberry Estate LLP,Gautam Buddha Nagar,Mixed
419,UPRERAPRJ704730,Godrej Woods Phase-1,Roseberry Estate LLP,Gautam Buddha Nagar,Residential
420,UPRERAPRJ773536,Godrej Woods Phase-3,Roseberry Estate LLP,Gautam Buddha Nagar,Residential
421,UPRERAPRJ301910,"Golden Grande ""Phase-1""",ADVANCE COMPUSOFT PRIVATE LIMITED,Gautam Buddha Nagar,Mixed
422,UPRERAPRJ434216,Golden Grande (Phase-2),ADVANCE COMPUSOFT PRIVATE LIMITED,Gautam Buddha Nagar,Mixed
423,UPRERAPRJ6747,Golden I Phase-I,OCEAN INFRAHEIGHTS PRIVATE LIMITED,Gautam Buddha Nagar,Commercial
424,UPRERAPRJ179850,Golden I Phase-II,OCEAN INFRAHEIGHTS PRIVATE LIMITED,Gautam Buddha Nagar,Commercial
425,UPRERAPRJ732580,Golden I Phase-III,OCEAN INFRAHEIGHTS PRIVATE LIMITED,Gautam Buddha Nagar,Commercial
426,UPRERAPRJ13045,GOLDEN NEST3,SHAILENDER KUMAR,Gautam Buddha Nagar,Residential
427,UPRERAPRJ10635,Golf Avenue II (Phase II),AIMS RG ANGEL PROMOTERS PRIVATE LIMITED,Gautam Buddha Nagar,Residential
428,UPRERAPRJ403642,Golf country Phase-P2,SUPERTECH TOWNSHIP PROJECT LIMITED,Gautam Buddha Nagar,Residential
429,UPRERAPRJ9984,GOLF GREEN AVENUE,Krishan Chand Bansal,Gautam Buddha Nagar,Residential
430,UPRERAPRJ13997,Golf home  Phase-V (K1 TO K9),AMRAPALI SMART CITY DEVELOPERS PVT LTD,Gautam Buddha Nagar,Residential
431,UPRERAPRJ13998,Golf home  Phase-VI (L1 TO L9),AMRAPALI SMART CITY DEVELOPERS PVT LTD,Gautam Buddha Nagar,Residential
432,UPRERAPRJ13999,"Golf home  Phase-VII (M1 TO M6,  M9)",AMRAPALI SMART CITY DEVELOPERS PVT LTD,Gautam Buddha Nagar,Residential
433,UPRERAPRJ13993,Golf Homes Phase-I (A1 To A7),AMRAPALI SMART CITY DEVELOPERS PVT LTD,Gautam Buddha Nagar,Residential
434,UPRERAPRJ13994,Golf Homes Phase-II (B1 To B5),AMRAPALI SMART CITY DEVELOPERS PVT LTD,Gautam Buddha Nagar,Residential
435,UPRERAPRJ13995,Golf Homes Phase-III (C1 To C5),AMRAPALI SMART CITY DEVELOPERS PVT LTD,Gautam Buddha Nagar,Residential
436,UPRERAPRJ12358,GRANDPRIX APARTMENTS,S.K. CONTRACTS PVT. LTD.,Gautam Buddha Nagar,Residential
437,UPRERAPRJ12901,GRANDPRIX MEGA SUITES,S.K. CONTRACTS PVT. LTD.,Gautam Buddha Nagar,Commercial
438,UPRERAPRJ585534,GRANDTHUM PHASE I,A L SOFTWEB PRIVATE LIMITED,Gautam Buddha Nagar,Commercial
439,UPRERAPRJ605316,Grandthum Phase II,A L SOFTWEB PRIVATE LIMITED,Gautam Buddha Nagar,Commercial
440,UPRERAPRJ156612,GRANDTHUM PHASE III,A L SOFTWEB PRIVATE LIMITED,Gautam Buddha Nagar,Residential
441,UPRERAPRJ213153/02/2026,GRANDTHUM PHASE -III,A L SOFTWEB PRIVATE LIMITED,Gautam Buddha Nagar,Commercial
442,UPRERAPRJ103135,GRANDTHUM PHASE IV,A L SOFTWEB PRIVATE LIMITED,Gautam Buddha Nagar,Commercial
443,UPRERAPRJ957104,GRANDTHUM PHASE V,A L SOFTWEB PRIVATE LIMITED,Gautam Buddha Nagar,Commercial
444,UPRERAPRJ9966,Great Value Sharanam,GreatValue Projects India Limited,Gautam Buddha Nagar,Residential
445,UPRERAPRJ874478,Greatvalue Anandam,GreatValue Projects India Limited,Gautam Buddha Nagar,Residential
446,UPRERAPRJ3606,Green Avenue,J.B.K. DEVELOPERS PRIVATE LIMITED,Gautam Buddha Nagar,Residential
447,UPRERAPRJ459796/09/2025,Green Reserve Tower 1 and 2,Larsen & Toubro Limited,Gautam Buddha Nagar,Residential
448,UPRERAPRJ794300/09/2025,Green Reserve Tower 3 and 4,Larsen & Toubro Limited,Gautam Buddha Nagar,Residential
449,UPRERAPRJ17009,GREEN RESIDENCY,deepak gupta,Gautam Buddha Nagar,Residential
450,UPRERAPRJ9720,Green View- II Sahakari Awas Samiti Limited,Green View-II Sahakari Awas Samiti Limited,Gautam Buddha Nagar,Residential
451,UPRERAPRJ7198,Greenarch Phase-1,NEW WAY HOMES PRIVATE LIMITED,Gautam Buddha Nagar,Residential
452,UPRERAPRJ7289,Greenarch Phase-2,NEW WAY HOMES PRIVATE LIMITED,Gautam Buddha Nagar,Residential
453,UPRERAPRJ7342,Greenarch Phase-3,NEW WAY HOMES PRIVATE LIMITED,Gautam Buddha Nagar,Residential
454,UPRERAPRJ9693,Greenbay - Golf Homes,Green Bay Infrastructure Private Limited,Gautam Buddha Nagar,Residential
455,UPRERAPRJ9320,Greenbay Golf Village,Green Bay Infrastructure Private Limited,Gautam Buddha Nagar,Residential
456,UPRERAPRJ716227,Greenshire Mart,NIRALA PROJECTS PRIVATE  LIMITED,Gautam Buddha Nagar,Commercial
457,UPRERAPRJ15214,Greno Complex,SHUBHSIDDHI INFRATECH PVT.LTD,Gautam Buddha Nagar,Commercial
458,UPRERAPRJ390493,GRENO PLAZA,NAVDURGA BUILDCON PRIVATE LIMITED,Gautam Buddha Nagar,Commercial
459,UPRERAPRJ1005,GROUP HOUSING CGEWHO PHASE I,CENTRAL GOVERNMENT EMPLOYEES WELFARE HOUSING ORGAN,Gautam Buddha Nagar,Residential
460,UPRERAPRJ674438/02/2024,GROUP HOUSING CGEWHO PHASE II,CENTRAL GOVERNMENT EMPLOYEES WELFARE HOUSING ORGAN,Gautam Buddha Nagar,Residential
461,UPRERAPRJ860880,GULSHAN AVANTE,Gulshan Developers Private Limited,Gautam Buddha Nagar,Residential
462,UPRERAPRJ6332,GULSHAN BELLINA,GULSHAN HOMZ PRIVATE LIMITED,Gautam Buddha Nagar,Residential
463,UPRERAPRJ5857,Gulshan Botnia,GULSHAN HOMES AND INFRASTRUCTURE  PRIVATE LIMITED,Gautam Buddha Nagar,Residential
464,UPRERAPRJ950870,GULSHAN DYNASTY,GULSHAN HOMZ PRIVATE LIMITED,Gautam Buddha Nagar,Residential
465,UPRERAPRJ8806,"GULSHAN IKEBANA -TOWERS L,M,N,O,P & Q",GULSHAN HOMES AND INFRASTRUCTURE  PRIVATE LIMITED,Gautam Buddha Nagar,Residential
466,UPRERAPRJ504752,Gulshan One29,GULSHAN HOMES AND INFRASTRUCTURE  PRIVATE LIMITED,Gautam Buddha Nagar,Commercial
467,UPRERAPRJ4602,"GYC-Galleria, Gaur Yamuna City",Gaursons Realtech Private Limited,Gautam Buddha Nagar,Commercial
468,UPRERAPRJ14395,HABITECH CRYSTAL 36,HABITECH INFRASTRUCTURE LTD,Gautam Buddha Nagar,Commercial
469,UPRERAPRJ15574,HAPPY TRAILS,SHRIDHARA INFRATECH PRIVATE LIMITED,Gautam Buddha Nagar,Residential
470,UPRERAPRJ13303,HARSHA MALL,Harsha Associates Pvt ltd,Gautam Buddha Nagar,Commercial
471,UPRERAPRJ9299,"HAWELIA VALENCIA HOMES PHASE-I (TOWER D, E, F, G,",Valencia Homes (Hawelia Group),Gautam Buddha Nagar,Residential
472,UPRERAPRJ8973,HAWELIA VALENCIA HOMES PHASE-II (TOWER-C & COMMERC,Valencia Homes (Hawelia Group),Gautam Buddha Nagar,Residential
473,UPRERAPRJ8479,HAWELIA VALENOVA PARK,Hawelia Builders Private Limited,Gautam Buddha Nagar,Residential
474,UPRERAPRJ9750,HBA TECHZONE RESIDENCY,HBA INFRASTRUCTURE PVT LTD,Gautam Buddha Nagar,Residential
475,UPRERAPRJ848586,Heritage Skyward,VRINDA HOMES PRIVATE LIMITED; RAJ HANS INFRATECH PRIVATE LIMITED,Gautam Buddha Nagar,Residential
476,UPRERAPRJ5655,HERITAGE TOWER K (Clock Tower & Central Plazza),AJNARA INDIA LIMITED,Gautam Buddha Nagar,Residential
477,UPRERAPRJ17726,Hi Castle,HI CASTLE REALTECH LIMITED,Gautam Buddha Nagar,Residential
478,UPRERAPRJ6819,Hillston By URBTech- Phase 1-Tower E&F,GOLFGREEN BUILDCON PRIVATE LIMITED,Gautam Buddha Nagar,Residential
479,UPRERAPRJ11498,Hilston by URBTECH - TOWER G,GOLFGREEN BUILDCON PRIVATE LIMITED,Gautam Buddha Nagar,Residential
480,UPRERAPRJ8836,HIMALAYA PRIDE (PHASE 1 : TOWER A & B),Himalaya Realestate Pvt Ltd,Gautam Buddha Nagar,Residential
481,UPRERAPRJ8888,HIMALAYA PRIDE (PHASE 2 : TOWER C),Himalaya Realestate Pvt Ltd,Gautam Buddha Nagar,Residential
482,UPRERAPRJ8898,HIMALAYA PRIDE (PHASE 3 : TOWER D),Himalaya Realestate Pvt Ltd,Gautam Buddha Nagar,Residential
483,UPRERAPRJ15885,HIMALAYA RESIDENCY PHASE -I,RAHUL KUMAR,Gautam Buddha Nagar,Residential
484,UPRERAPRJ14516,I N@XT,CEREBRUM BUSINESS PARK PVT. LTD,Gautam Buddha Nagar,Residential
485,UPRERAPRJ10246,"IITL NIMBUS THE EXPRESS PARK VIEW (TOWER I1, J1, K1)",IITL-NIMBUS THE EXPRESS PARK VIEW,Gautam Buddha Nagar,Residential
486,UPRERAPRJ10096,"IITL NIMBUS THE EXPRESS PARK VIEW (TOWER L,L1,M,M1",IITL-NIMBUS THE EXPRESS PARK VIEW,Gautam Buddha Nagar,Residential
487,UPRERAPRJ9947,"IITL-NIMBUS THE EXPRESS PARK VIEW (TOWER I,J & K)",IITL-NIMBUS THE EXPRESS PARK VIEW,Gautam Buddha Nagar,Residential
488,UPRERAPRJ9689,"IITL-NIMBUS THE HYDE PARK (TOWER S,T,U)","IITL-NIMBUS THE HYDE PARK,NOIDA",Gautam Buddha Nagar,Residential
489,UPRERAPRJ10533,IITL-NIMBUS THE HYDE PARK NOIDA (COMMERCIAL -HYDE,"IITL-NIMBUS THE HYDE PARK,NOIDA",Gautam Buddha Nagar,Residential
490,UPRERAPRJ9214,"IITL-NIMBUS THE HYDE PARK, NOIDA (TOWER Y,Q,R)","IITL-NIMBUS THE HYDE PARK,NOIDA",Gautam Buddha Nagar,Residential
491,UPRERAPRJ504323,Imperial Heights (Phase 1),RAMPRASTHA URBAN DEVELOPMENT PVT. LTD.,Gautam Buddha Nagar,Residential
492,UPRERAPRJ378721/05/2025,IMPERIAL HEIGHTS PHASE-2,RAMPRASTHA URBAN DEVELOPMENT PVT. LTD.; ANJU YADAV; HARJAS PICTURES PRIVATE LIMITED; KANTA YADAV; MAHAMAYA ISPAT UDYOG PRIVATE LIMITED; RAMPRASTHA PROPERTIES PRIVATE LIMITED; SURAT SINGH YADAV,Gautam Buddha Nagar,Mixed
493,UPRERAPRJ112046,INDIA EXPO PLAZA,VINAYAKA EXPO PLAZA PRIVATE LIMITED,Gautam Buddha Nagar,Commercial
494,UPRERAPRJ6205,INDIA TRADE CENTRE,Omaxe India Trade Centre Private Limited,Gautam Buddha Nagar,Commercial
495,UPRERAPRJ9318,"INDIVIDUAL RESIDENTIAL PLOTS, SEC-17,YEIDA",Yamuna Expressway Industrial devlopment Authority,Gautam Buddha Nagar,Residential
496,UPRERAPRJ303620/05/2026,Indosam Iconic,Indosam Infra Private Limited,Gautam Buddha Nagar,Residential
497,UPRERAPRJ10087,INDOSAM75,Indosam Infra Private Limited,Gautam Buddha Nagar,Residential
498,UPRERAPRJ11522,INTELLICITY @Phase 4 (Occi & Cerebrum),Intellicity Business Park Private Limited,Gautam Buddha Nagar,Residential
499,UPRERAPRJ11493,INTELLICITY @PHASE-3 Spine (Tower-A & B),Intellicity Business Park Private Limited,Gautam Buddha Nagar,Residential
500,UPRERAPRJ11448,Intellicity@Phase-1,Intellicity Business Park Private Limited,Gautam Buddha Nagar,Residential
501,UPRERAPRJ11473,INTELLICITY@Phase-2,Intellicity Business Park Private Limited,Gautam Buddha Nagar,Commercial
502,UPRERAPRJ6473,IRIDIA,Horizon Buildcon Private Limited,Gautam Buddha Nagar,Residential
503,UPRERAPRJ673874,Iris Broadway Greno West,RUVIK BUILD-TECH PRIVATE LIMITED,Gautam Buddha Nagar,Mixed
504,UPRERAPRJ569853,Iris Broadway Greno West (Phase-2),RUVIK BUILD-TECH PRIVATE LIMITED,Gautam Buddha Nagar,Mixed
505,UPRERAPRJ494753,IRISH PEARLS,IRISH INFRASTRUCTURE PRIVATE LIMITED,Gautam Buddha Nagar,Residential
506,UPRERAPRJ503189/03/2024,Irish Platinum,Irish Buildcon Private Limited,Gautam Buddha Nagar,Residential
507,UPRERAPRJ10363,I-Thum,GRANDSLAM DEVELOPERS PVT. LTD,Gautam Buddha Nagar,Commercial
508,UPRERAPRJ764408/09/2025,ITHUM HEIGHTS PHASE 2,R AND R TECH MACH LIMITED,Gautam Buddha Nagar,Commercial
509,UPRERAPRJ6807,i-thum’s 62 (Formerly Bizlife),HSL SOFTWARE PRIVATE LIMITED,Gautam Buddha Nagar,Commercial
510,UPRERAPRJ15652,Ithum’s Galleria (Formerly RST Galleria),ADIHM DEVELOPERS Pvt Ltd.,Gautam Buddha Nagar,Commercial
511,UPRERAPRJ543889,ITHUMS 73,SIFAL INFOTECH PRIVATE LIMITED,Gautam Buddha Nagar,Commercial
512,UPRERAPRJ256314,Ivory County Phase-1,Themecounty Private Limited; AMBIENCE PRIVATE LIMITED,Gautam Buddha Nagar,Residential
513,UPRERAPRJ115902,Ivory County Phase-2,Themecounty Private Limited; AMBIENCE PRIVATE LIMITED,Gautam Buddha Nagar,Residential
514,UPRERAPRJ507062,Ivory County Phase-3,Themecounty Private Limited; AMBIENCE PRIVATE LIMITED,Gautam Buddha Nagar,Residential
515,UPRERAPRJ757529,IVY County,Perfect Megastructure Pvt Ltd,Gautam Buddha Nagar,Residential
516,UPRERAPRJ267958/06/2025,Jade County Phase-1,Themecounty Private Limited,Gautam Buddha Nagar,Residential
517,UPRERAPRJ639770/06/2025,Jade County Phase-2,Themecounty Private Limited,Gautam Buddha Nagar,Residential
518,UPRERAPRJ912357/10/2025,JAIN X CYBER CITY COMMERCIAL,POOJA INFOTECH PRIVATE LIMITED,Gautam Buddha Nagar,Commercial
519,UPRERAPRJ184654/09/2025,JAIN X CYBER CITY IT COMPLEX,POOJA INFOTECH PRIVATE LIMITED,Gautam Buddha Nagar,Commercial
520,UPRERAPRJ525390/10/2025,JAIN X CYBER CITY IT HIGH RISE,POOJA INFOTECH PRIVATE LIMITED,Gautam Buddha Nagar,Commercial
521,UPRERAPRJ479060/09/2025,JAIN X CYBER CITY RESIDENTIAL,POOJA INFOTECH PRIVATE LIMITED,Gautam Buddha Nagar,Residential
522,UPRERAPRJ6753,JANHIT AWAS YOJNA-AFFORDAVAL HOMES,AARADHYAM DEVELOPERS PRIVATE LIMITED,Gautam Buddha Nagar,Residential
523,UPRERAPRJ4895,"Jaypee Greens Aman -III, Mirzapur",Jaypee Infratech Limited,Gautam Buddha Nagar,Residential
524,UPRERAPRJ3824,"Jaypee Greens Aman, Noida",Jaypee Infratech Limited,Gautam Buddha Nagar,Residential
525,UPRERAPRJ3872,"Jaypee Greens Boomerang Residences, Noida",Jaiprakash Associates Limited,Gautam Buddha Nagar,Residential
526,UPRERAPRJ5436,"Jaypee Greens Bougainvilleas, SDZ, YEW",Jaiprakash Associates Limited,Gautam Buddha Nagar,Residential
527,UPRERAPRJ4818,"Jaypee Greens Buddh Circuit Studios - I, SDZ, YEW",Jaiprakash Associates Limited,Gautam Buddha Nagar,Residential
528,UPRERAPRJ4848,"Jaypee Greens Buddh Circuit Studios - II, Mirzapur",Jaypee Infratech Limited,Gautam Buddha Nagar,Residential
529,UPRERAPRJ5440,"Jaypee Greens Country Homes-I, SDZ, YEW",Jaiprakash Associates Limited,Gautam Buddha Nagar,Residential
530,UPRERAPRJ5443,"Jaypee Greens Country Homes-II, SDZ, YEW",Jaiprakash Associates Limited,Gautam Buddha Nagar,Residential
531,UPRERAPRJ3784,"Jaypee Greens Garden Isles, Noida",Jaypee Infratech Limited,Gautam Buddha Nagar,Residential
532,UPRERAPRJ5446,"Jaypee Greens Greencrest Homes, SDZ, YEW",Jaiprakash Associates Limited,Gautam Buddha Nagar,Residential
533,UPRERAPRJ3906,"Jaypee Greens Imperial Arcade, Noida",Jaiprakash Associates Limited,Gautam Buddha Nagar,Commercial
534,UPRERAPRJ4695,"Jaypee Greens Kalypso Court (Phase II), Noida",Jaiprakash Associates Limited,Gautam Buddha Nagar,Residential
535,UPRERAPRJ3843,"Jaypee Greens Kasa Isles, Noida",Jaypee Infratech Limited,Gautam Buddha Nagar,Residential
536,UPRERAPRJ3879,"Jaypee Greens Kasablanca, Noida",Jaiprakash Associates Limited,Gautam Buddha Nagar,Residential
537,UPRERAPRJ4716,"Jaypee Greens Kassia I, SDZ, YEW",Jaiprakash Associates Limited,Gautam Buddha Nagar,Residential
538,UPRERAPRJ4751,"Jaypee Greens Kassia II,III, SDZ, YEW",Jaiprakash Associates Limited,Gautam Buddha Nagar,Residential
539,UPRERAPRJ4668,"Jaypee Greens Kensignton Boulevard Apartments, Noi",Jaypee Infratech Limited,Gautam Buddha Nagar,Residential
540,UPRERAPRJ4954,"Jaypee Greens Kensington Park Apartments, Noida",Jaypee Infratech Limited,Gautam Buddha Nagar,Residential
541,UPRERAPRJ3901,"Jaypee Greens Klassic - A (Phase II), Noida",Jaypee Infratech Limited,Gautam Buddha Nagar,Residential
542,UPRERAPRJ3683,"Jaypee Greens Klassic - D, Noida",Jaypee Infratech Limited,Gautam Buddha Nagar,Residential
543,UPRERAPRJ3912,"Jaypee Greens Klassic Arcade, Noida",Jaypee Infratech Limited,Gautam Buddha Nagar,Commercial
544,UPRERAPRJ3618,"Jaypee Greens Klassic Corporate, Noida",Jaypee Infratech Limited,Gautam Buddha Nagar,Residential
545,UPRERAPRJ3890,"Jaypee Greens Knight Court, Noida",Jaiprakash Associates Limited,Gautam Buddha Nagar,Residential
546,UPRERAPRJ3853,"Jaypee Greens Kosmos - A (Phase II), Noida",Jaypee Infratech Limited,Gautam Buddha Nagar,Residential
547,UPRERAPRJ3900,"Jaypee Greens Kosmos - B (Phase II), Noida",Jaypee Infratech Limited,Gautam Buddha Nagar,Residential
548,UPRERAPRJ3894,"Jaypee Greens Kosmos - C, Noida",Jaypee Infratech Limited,Gautam Buddha Nagar,Residential
549,UPRERAPRJ4777,"Jaypee Greens Kove, SDZ, YEW",Jaiprakash Associates Limited,Gautam Buddha Nagar,Residential
550,UPRERAPRJ3709,"Jaypee Greens Krescent Homes, Noida",Jaypee Infratech Limited,Gautam Buddha Nagar,Residential
551,UPRERAPRJ3876,"Jaypee Greens Kristal, Noida",Jaiprakash Associates Limited,Gautam Buddha Nagar,Residential
552,UPRERAPRJ5445,"Jaypee Greens Krowns, SDZ, YEW",Jaiprakash Associates Limited,Gautam Buddha Nagar,Residential
553,UPRERAPRJ3571,"Jaypee Greens Kube, Noida",Jaypee Infratech Limited,Gautam Buddha Nagar,Residential
554,UPRERAPRJ4875,"Jaypee Greens Naturvue Apartments, Mirzapur",Jaypee Infratech Limited,Gautam Buddha Nagar,Residential
555,UPRERAPRJ3820,"Jaypee Greens Orchards, Noida",Jaypee Infratech Limited,Gautam Buddha Nagar,Residential
556,UPRERAPRJ3904,"Jaypee Greens Pavilion Heights Arcade, Noida",Jaiprakash Associates Limited,Gautam Buddha Nagar,Commercial
557,UPRERAPRJ5424,"Jaypee Greens Sportsville, SDZ, YEW",Jaiprakash Associates Limited,Gautam Buddha Nagar,Residential
558,UPRERAPRJ4358,"Jaypee Greens Sun Court - B, Greater Noida",Jaiprakash Associates Limited,Gautam Buddha Nagar,Residential
559,UPRERAPRJ5428,"Jaypee Greens Sunnyvale Homes, Mirzapur",Jaypee Infratech Limited,Gautam Buddha Nagar,Residential
560,UPRERAPRJ5432,"Jaypee Greens Tanishq Square Phase I, Mirzapur",Jaypee Infratech Limited,Gautam Buddha Nagar,Commercial
561,UPRERAPRJ5434,"Jaypee Greens Tanishq Square Phase II, Mirzapur",Jaypee Infratech Limited,Gautam Buddha Nagar,Commercial
562,UPRERAPRJ5447,"Jaypee Greens Town Homes, Noida",Jaiprakash Associates Limited,Gautam Buddha Nagar,Residential
563,UPRERAPRJ4921,"Jaypee Greens Udaan & Boulevard Court, Mirzapur",Jaypee Infratech Limited,Gautam Buddha Nagar,Residential
564,UPRERAPRJ5415,"Jaypee Greens Villa Country Homes - II, SDZ, YEW",Jaiprakash Associates Limited,Gautam Buddha Nagar,Residential
565,UPRERAPRJ5048,"Jaypee Greens Villa GreencrestHomes,SDZ YEW",Jaiprakash Associates Limited,Gautam Buddha Nagar,Residential
566,UPRERAPRJ5431,"Jaypee Greens Villa Sunnyvale Homes, Mirzapur",Jaypee Infratech Limited,Gautam Buddha Nagar,Residential
567,UPRERAPRJ3913,"Jaypee Greens Wish Point, Noida",Jaypee Infratech Limited,Gautam Buddha Nagar,Commercial
568,UPRERAPRJ5435,"Jaypee Greens Yamuna Vihar, Mirzapur",Jaypee Infratech Limited,Gautam Buddha Nagar,Residential
569,UPRERAPRJ5742,"Jaypee Greens, E-1/14 Land 2, Greater Noida",Jaiprakash Associates Limited,Gautam Buddha Nagar,Residential
570,UPRERAPRJ5600,"Jaypee Greens, E-1/3 Land 1, Greater Noida",Jaiprakash Associates Limited,Gautam Buddha Nagar,Residential
571,UPRERAPRJ5495,"Jaypee Greens, E-10 Land 1, Greater Noida",Jaiprakash Associates Limited,Gautam Buddha Nagar,Residential
572,UPRERAPRJ5549,"Jaypee Greens, E-12 Land 1, Greater Noida",Jaiprakash Associates Limited,Gautam Buddha Nagar,Residential
573,UPRERAPRJ5751,"Jaypee Greens, E-3/12a Land 2, Greater Noida",Jaiprakash Associates Limited,Gautam Buddha Nagar,Residential
574,UPRERAPRJ5760,"Jaypee Greens, E-4/12a Land 2, Greater Noida",Jaiprakash Associates Limited,Gautam Buddha Nagar,Residential
575,UPRERAPRJ5722,"Jaypee Greens, E-4/7 Land 2, Greater Noida",Jaiprakash Associates Limited,Gautam Buddha Nagar,Residential
576,UPRERAPRJ5679,"Jaypee Greens, E-6 Land2, Greater Noida",Jaiprakash Associates Limited,Gautam Buddha Nagar,Residential
577,UPRERAPRJ5694,"Jaypee Greens, E-6/4 Land 2, Greater Noida",Jaiprakash Associates Limited,Gautam Buddha Nagar,Residential
578,UPRERAPRJ5743,"Jaypee Greens, E-6/7 Land 2, Greater Noida",Jaiprakash Associates Limited,Gautam Buddha Nagar,Residential
579,UPRERAPRJ5014,"Jaypee Greens, E-9 Land 1, Greater Noida",Jaiprakash Associates Limited,Gautam Buddha Nagar,Residential
580,UPRERAPRJ5605,"Jaypee Greens, SV-14 Land 2, Greater Noida",Jaiprakash Associates Limited,Gautam Buddha Nagar,Residential
581,UPRERAPRJ5565,"Jaypee Greens, SV-24 Land 2, Greater Noida",Jaiprakash Associates Limited,Gautam Buddha Nagar,Residential
582,UPRERAPRJ15897,"Jaypee Greens, V-04 Land 2, Greater Noida",Jaiprakash Associates Limited,Gautam Buddha Nagar,Residential
583,UPRERAPRJ5662,"Jaypee Greens, V-07 Land 2, Greater Noida",Jaiprakash Associates Limited,Gautam Buddha Nagar,Residential
584,UPRERAPRJ15914,"Jaypee Greens, V-08 Land 2, Greater Noida",Jaiprakash Associates Limited,Gautam Buddha Nagar,Residential
585,UPRERAPRJ5609,"Jaypee Greens, V-2/7 Land 1, Greater Noida",Jaiprakash Associates Limited,Gautam Buddha Nagar,Residential
586,UPRERAPRJ5665,"Jaypee Greens, V-4/7 Land 1, Greater Noida",Jaiprakash Associates Limited,Gautam Buddha Nagar,Residential
587,UPRERAPRJ5699,"Jaypee Greens, V-5 Land 2, Greater Noida",Jaiprakash Associates Limited,Gautam Buddha Nagar,Residential
588,UPRERAPRJ5638,"Jaypee Greens, V-5/9 Land 2, Greater Noida",Jaiprakash Associates Limited,Gautam Buddha Nagar,Residential
589,UPRERAPRJ2662,JC WORLD HOSPITALITY PRIVATE LIMITED,RITA DIXIT,Gautam Buddha Nagar,Commercial
590,UPRERAPRJ6966,JKG PALM COURT PHASE-I,JKG CONSTRUCTION PVT LTD,Gautam Buddha Nagar,Residential
591,UPRERAPRJ7088,JKG PALM COURT PHASE-II,JKG CONSTRUCTION PVT LTD,Gautam Buddha Nagar,Residential
592,UPRERAPRJ8757,JM FLORENCE,J.M. HOUSING LTD,Gautam Buddha Nagar,Residential
593,UPRERAPRJ5617,JMDR Arihant Green,BLISS TOWN DEVELOPERS PRIVATE LIMITED; JMDR INFRA PROJECTS PRIVATE LIMITED,Gautam Buddha Nagar,Residential
594,UPRERAPRJ9204,JNC THE PARK,J.N.C. CONSTRUCTIONS PRIVATE LIMITED,Gautam Buddha Nagar,Residential
595,UPRERAPRJ16603,JP HITE,JATINDER PAL SINGH,Gautam Buddha Nagar,Residential
596,UPRERAPRJ775503/06/2025,JP Parks,Ganadhi Pati Construction Private Limited,Gautam Buddha Nagar,Commercial
597,UPRERAPRJ13401,K D HOUSING,K.D. HOUSING,Gautam Buddha Nagar,Residential
598,UPRERAPRJ14980,Kalpataru Vista,Kalpataru Urbanscape LLP,Gautam Buddha Nagar,Residential
599,UPRERAPRJ547975/08/2024,KAMAKHYA CROSS WALK,HT KAMAKHYA DEVELOPERS,Gautam Buddha Nagar,Commercial
600,UPRERAPRJ9029,Kasna Plaza Ph 1,Saffron Builders Pvt. Ltd.,Gautam Buddha Nagar,Commercial
601,UPRERAPRJ9216,KAVERI CITY CENTRE,KAVERI TECHOBUILD PVT. LTD,Gautam Buddha Nagar,Commercial
602,UPRERAPRJ360269/03/2026,Kaveri City Centre-2,KAVERI ELITE INFRA DEVELOPERS PRIVATE LIMITED,Gautam Buddha Nagar,Commercial
603,UPRERAPRJ106335/05/2026,KB Central,AVORA BUILDERS PRIVATE LIMITED,Gautam Buddha Nagar,Commercial
604,UPRERAPRJ6284,KB COMPLEX,Shree Kunj Bihariji Infratech Pvt.Ltd,Gautam Buddha Nagar,Commercial
605,UPRERAPRJ151218,KB India Mart,Shree Kunj Bihariji Infracon Pvt. Ltd.,Gautam Buddha Nagar,Commercial
606,UPRERAPRJ422027/01/2026,KB West Walk,Shree Kunj Bihariji Realty Private Limited,Gautam Buddha Nagar,Commercial
607,UPRERAPRJ4527,KBNOWS APARTMENT,RUDRA BUILDWELL CONSTRUCTIONS PVT LTD,Gautam Buddha Nagar,Residential
608,UPRERAPRJ205557/04/2026,KDMG CENTRAL PLAZA,ANALOX TOWN PLANNERS PRIVATE LIMITED,Gautam Buddha Nagar,Commercial
609,UPRERAPRJ4752,KHELGAON (Phase -1: Tower A B C & D),AJNARA INDIA LIMITED,Gautam Buddha Nagar,Residential
610,UPRERAPRJ4934,KHELGAON (Phase -2: Tower P Q & R),AJNARA INDIA LIMITED,Gautam Buddha Nagar,Residential
611,UPRERAPRJ4973,KHELGAON (Phase -3: CITY WALK),AJNARA INDIA LIMITED,Gautam Buddha Nagar,Commercial
612,UPRERAPRJ3149,KINGS PARK,TODAY HOMES AND INFRASTRUCTURE PVT. LTD.,Gautam Buddha Nagar,Residential
613,UPRERAPRJ13996,"Kingswood  Phase-IV (D1 To D5, J1 TO J9, M7, M8)",AMRAPALI SMART CITY DEVELOPERS PVT LTD,Gautam Buddha Nagar,Residential
614,UPRERAPRJ721299/01/2026,KOURTYARD,LAXMI TOWN PLANNERS PRIVATE LIMITED,Gautam Buddha Nagar,Commercial
615,UPRERAPRJ3375,Kumar Imperial Greens,Keltech Infrastructure Limited,Gautam Buddha Nagar,Residential
616,UPRERAPRJ3122,KVD WINDPARK,KV Developers Private Limited,Gautam Buddha Nagar,Residential
617,UPRERAPRJ6050,La Galaxia,Newtech Promoters and Developers Pvt. Ltd.,Gautam Buddha Nagar,Residential
618,UPRERAPRJ6069,La Palacia,Newtech La Palacia Private Limited,Gautam Buddha Nagar,Residential
619,UPRERAPRJ9357,La Residentia,LA RESIDENTIA DEVELOPERS PRIVATE LIMITED,Gautam Buddha Nagar,Residential
620,UPRERAPRJ2733,"La Solara,Phase-1 (Tower B & C)",Belgravia Projects Private Limited,Gautam Buddha Nagar,Residential
621,UPRERAPRJ4460,"La Solara,Phase-2 (Tower A & D)",Belgravia Projects Private Limited,Gautam Buddha Nagar,Residential
622,UPRERAPRJ3817,"Le Garden (Phase-1, Tower D E F & G)",Ajnara Realtech Limited,Gautam Buddha Nagar,Residential
623,UPRERAPRJ3828,"Le Garden (Phase-2, Tower H I J O & Q)",Ajnara Realtech Limited,Gautam Buddha Nagar,Residential
624,UPRERAPRJ3852,"Le Garden (Phase-3, Tower K L M & N)",Ajnara Realtech Limited,Gautam Buddha Nagar,Residential
625,UPRERAPRJ4600,"Le Garden (Phase-4, LE MART Convinient Shops)",Ajnara Realtech Limited,Gautam Buddha Nagar,Residential
626,UPRERAPRJ7486,Le Garden (Tower A B & C),Ajnara Realtech Limited,Gautam Buddha Nagar,Residential
627,UPRERAPRJ688396/10/2024,LEGACY BY GAURS,GOLF HORIZON LLP,Gautam Buddha Nagar,Residential
628,UPRERAPRJ605603/01/2026,LEVANTE CITY VISTA,FASTECH GLOBE REALTORS,Gautam Buddha Nagar,Commercial
629,UPRERAPRJ211439/02/2026,LEVANTE METRO WALK,LEVANTE PROJECTS,Gautam Buddha Nagar,Commercial
630,UPRERAPRJ307878/07/2026,Lifestyle Central,DTR DEVELOPERS LLP,Gautam Buddha Nagar,Commercial
631,UPRERAPRJ5490,LIG ZONE I(L01 - LO6),M/s Uttam Steels & Associates { Consortium) throug; ANSAL HI-TECH TOWNSHIPS LTD,Gautam Buddha Nagar,Residential
632,UPRERAPRJ5578,LIG ZONE-3 (Tower L-19 to L-36),M/s Uttam Steels & Associates { Consortium) throug; ANSAL HI-TECH TOWNSHIPS LTD,Gautam Buddha Nagar,Residential
633,UPRERAPRJ5491,LIG ZONE-II(L07 - L18),M/s Uttam Steels & Associates { Consortium) throug; ANSAL HI-TECH TOWNSHIPS LTD,Gautam Buddha Nagar,Residential
634,UPRERAPRJ15269,LONDON MART (PHASE-1),MART PROMOTERS PVT. LTD.,Gautam Buddha Nagar,Commercial
635,UPRERAPRJ454215,Lord Krishna Mart,SAVIOUR BUILDERS PRIVATE LIMITED,Gautam Buddha Nagar,Commercial
636,UPRERAPRJ639080,LORD KRISHNA MEDLLEY,SAVIOUR INFRA PRIVATE LIMITED,Gautam Buddha Nagar,Commercial
637,UPRERAPRJ10636,LORDS,KINDLE DEVELOPERS PRIVATE LIMITED,Gautam Buddha Nagar,Residential
638,UPRERAPRJ12985,LORDS MART,G.S. BUILDWEL PVT. LTD.,Gautam Buddha Nagar,Commercial
639,UPRERAPRJ6828,"LOTUS 300 (TOWER 3-6, CLUB AND COMMERCIAL BUILDING",HACIENDA PROJECTS PRIVATE LIMITED,Gautam Buddha Nagar,Residential
640,UPRERAPRJ5409,Lotus Arena,ARENA SUPERSTRUCTURES PRIVATE LIMITED,Gautam Buddha Nagar,Residential
641,UPRERAPRJ5388,Lotus Arena II,Piyush IT Solutions Private Limited,Gautam Buddha Nagar,Residential
642,UPRERAPRJ9290,"LOTUS BOULEVARD ESPACIA (TOWER 37-38, CLUB AND COM",CLOUD 9 PROJECTS PRIVATE LIMITED,Gautam Buddha Nagar,Residential
643,UPRERAPRJ9295,LOTUS BOULEVARD ESPACIA TOWER 31,CLOUD 9 PROJECTS PRIVATE LIMITED,Gautam Buddha Nagar,Residential
644,UPRERAPRJ6450,"LOTUS BOULEVARD T-28, T-29 AND T-30",GRANITE GATE PROPERTIES PRIVATE LIMITED,Gautam Buddha Nagar,Residential
645,UPRERAPRJ9679,LOTUS CITY (PLOTTED TOWNSHIP),THREE C HOMES PRIVATE LIMITED,Gautam Buddha Nagar,Residential
646,UPRERAPRJ5442,LOTUS ISLE (RESIDENTIAL),THREE C PROPERTIES PRIVATE LIMITED,Gautam Buddha Nagar,Residential
647,UPRERAPRJ9275,"LOTUS PANACHE (TOWER 1-4, 14-31, CLUB AND COMMERCI",GRANITE GATE PROPERTIES PRIVATE LIMITED,Gautam Buddha Nagar,Residential
648,UPRERAPRJ5968,LOTUS YARDSCAPE PHASE I,Three C Green Developers Private Limited,Gautam Buddha Nagar,Residential
649,UPRERAPRJ7064,"LOTUS ZING (TOWER 3-14), CLUB AND COMMERCIAL BUILD",THREE C PROJECTS PRIVATE LIMITED,Gautam Buddha Nagar,Residential
650,UPRERAPRJ690055/10/2025,M3M J and C,MAYFAIRSKY ESTATES PRIVATE LIMITED,Gautam Buddha Nagar,Mixed
651,UPRERAPRJ442214,M3M The  Cullinan,Lavish Buildmart Pvt. Ltd.,Gautam Buddha Nagar,Mixed
652,UPRERAPRJ794824/10/2025,M3M The Cullinan II,Lavish Buildmart Pvt. Ltd.,Gautam Buddha Nagar,Mixed
653,UPRERAPRJ246070,M3M The Line,Skyline Propcon Private Limited,Gautam Buddha Nagar,Commercial
654,UPRERAPRJ14572,MAAN HEIGHTS,MAAN PROPERTIES AND DEVELOPERS PVT. LTD,Gautam Buddha Nagar,Residential
655,UPRERAPRJ13421,MAAN RESIDENCY,JASBIR MAAN,Gautam Buddha Nagar,Residential
656,UPRERAPRJ15728,"Magnate 192 (Tower 2,3 & 4)",192 Magnate Properties Private Limited,Gautam Buddha Nagar,Commercial
657,UPRERAPRJ17532,"MAHAGUN ""MARINA WWALK"" MALL",MAHAGUN REAL ESTATE PRIVATE LIMITED,Gautam Buddha Nagar,Commercial
658,UPRERAPRJ2051,Mahagun Manorial,MAHAGUN (INDIA) PVT. LTD.,Gautam Buddha Nagar,Residential
659,UPRERAPRJ1846,MAHAGUN MANTRA 1,DHANYA PROMOTERS PRIVATE LIMITED (MAHAGUN GROUP),Gautam Buddha Nagar,Residential
660,UPRERAPRJ1870,MAHAGUN MANTRA II,Hebe Infrastructure Private Limited (MAHAGUN GROU,Gautam Buddha Nagar,Residential
661,UPRERAPRJ1670,Mahagun Meadows,LOGIX HEIGHTS PVT. LTD (MAHAGUN GROUP),Gautam Buddha Nagar,Residential
662,UPRERAPRJ125561,Mahagun Medalleo,Mahagun Infratech Private Limited; MAHAGUN INFRATECH PRIVATE LIMITED,Gautam Buddha Nagar,Residential
663,UPRERAPRJ3306,Mahagun Mezzaria,NEXGEN INFRACON PVT. LTD (MAHAGUN GROUP),Gautam Buddha Nagar,Residential
664,UPRERAPRJ1866,Mahagun Mirabella,Golfgreen Infra Pvt. Ltd.(MAHAGUN GROUP),Gautam Buddha Nagar,Residential
665,UPRERAPRJ999197/09/2024,Mahagun My Laagoon Phase 1,Aura Infrabiz LLP; LOTUS SRS BUILDTECH PRIVATE LIMITED,Gautam Buddha Nagar,Residential
666,UPRERAPRJ3330,MAHAGUN MYWOODS,MAHAGUN (INDIA) PVT. LTD.,Gautam Buddha Nagar,Residential
667,UPRERAPRJ6418,Mangalya Ophira,MANGALYA BUILDTECH PRIVATE LIMITED,Gautam Buddha Nagar,Residential
668,UPRERAPRJ6258,MANORATH,MASCOT HOMES PRIVATE LIMITED,Gautam Buddha Nagar,Residential
669,UPRERAPRJ342117,Master Plan Commercial - Gaur Yamuna City,Gaursons Realtech Private Limited,Gautam Buddha Nagar,Commercial
670,UPRERAPRJ12475,MAX TOWERS,Wise Zone Builders Private Limited,Gautam Buddha Nagar,Commercial
671,UPRERAPRJ4737,MAXBLIS GRAND KINGISTON,MAXBLIS CONSTRUCTION PRIVATE LIMITED,Gautam Buddha Nagar,Residential
672,UPRERAPRJ4675,MAXBLIS GRAND WELLINGTON,MAXBLIS CONSTRUCTION PRIVATE LIMITED,Gautam Buddha Nagar,Residential
673,UPRERAPRJ7418,MAXBLIS WHITE HOUSE (PHASE III),MAXBLIS CONSTRUCTION PRIVATE LIMITED,Gautam Buddha Nagar,Residential
674,UPRERAPRJ9906,MAXBLIS WHITE HOUSE II,MAXBLIS CONSTRUCTION PRIVATE LIMITED,Gautam Buddha Nagar,Residential
675,UPRERAPRJ852,Mayfair Residency,SUPER CITY DEVELOPERS PVT LTD; AVINYA REALTECH INDIA PVT LIMITED-MILAN GROUP,Gautam Buddha Nagar,Residential
676,UPRERAPRJ8057,Meghdutam Encore,PALM DEVELOPERS PRIVATE LIMITED,Gautam Buddha Nagar,Residential
677,UPRERAPRJ251909,MENTIS,GYGY INFRADESIGN PVT.LTD.,Gautam Buddha Nagar,Commercial
678,UPRERAPRJ928123/05/2025,"MIGSUN ALPHA CENTRAL PNO C2  CB ALPHA II GN, UP",SUPEREMO INFRATECH PRIVATE LIMITED,Gautam Buddha Nagar,Commercial
679,UPRERAPRJ355095/05/2024,Migsun Central Market,ANSAL IT CITY  & PARKS LIMITED; MAHALUXMI BUILDTECH LIMITED; MAHALUXMI INFRAHOME PVT LTD,Gautam Buddha Nagar,Commercial
680,UPRERAPRJ932806/01/2025,MIGSUN DELTA STREET,MAHALUXMI INFRAHOME PVT LTD; PARSVNATH DEVELOPERS LIMITED,Gautam Buddha Nagar,Commercial
681,UPRERAPRJ187432,MIGSUN GALLERIA,Royalgolf link city projects private limited; MAHALUXMI REALTECH PVT LTD,Gautam Buddha Nagar,Commercial
682,UPRERAPRJ9784,MIGSUN GREEN MANSION,MAHALUXMI BUILDTECH LIMITED,Gautam Buddha Nagar,Residential
683,UPRERAPRJ15474,Migsun Jorbagh (Formerly The Hemisphere_Phase-2_Expa Villas),Royalgolf link city projects private limited,Gautam Buddha Nagar,Residential
684,UPRERAPRJ770923/05/2024,Migsun Nehru Place 1,ANSAL IT CITY  & PARKS LIMITED; MAHALUXMI BUILDTECH LIMITED; MAHALUXMI INFRAHOME PVT LTD,Gautam Buddha Nagar,Commercial
685,UPRERAPRJ216558/05/2024,Migsun Nehru Place 2,ANSAL IT CITY  & PARKS LIMITED; MAHALUXMI BUILDTECH LIMITED; MAHALUXMI INFRAHOME PVT LTD,Gautam Buddha Nagar,Commercial
686,UPRERAPRJ585500/05/2024,Migsun Nehru Place 3,ANSAL IT CITY  & PARKS LIMITED; MAHALUXMI BUILDTECH LIMITED; MAHALUXMI INFRAHOME PVT LTD,Gautam Buddha Nagar,Commercial
687,UPRERAPRJ2769,MIGSUN TWIINZ (Formerly know as MIGSUN WYNN),S. J. P. HOTELS & RESORTS PVT LTD,Gautam Buddha Nagar,Residential
688,UPRERAPRJ2679,MIGSUN ULTIMO,MAHALUXMI INFRAHOME PVT LTD,Gautam Buddha Nagar,Residential
689,UPRERAPRJ16612,MIGSUN VILAASA,YAMUNA BUILTECH PRIVATE LIMITED,Gautam Buddha Nagar,Residential
690,UPRERAPRJ3142,Mirage Phase I,Imperia Structures Ltd,Gautam Buddha Nagar,Residential
691,UPRERAPRJ4008,Mirage Phase II,Imperia Structures Ltd,Gautam Buddha Nagar,Residential
692,UPRERAPRJ11705,Morpheus Bluebell,Morpheus Prodevelopers Pvt Ltd,Gautam Buddha Nagar,Residential
693,UPRERAPRJ7881,Morpheus Pratiksha,MorpheusDevelopers Pvt Ltd; SRK BUILDWELL PRIVATE LIMITED,Gautam Buddha Nagar,Residential
694,UPRERAPRJ13882,NAGORI HOMES,VARUN YADAV,Gautam Buddha Nagar,Residential
695,UPRERAPRJ15731,NAGORI HOMES 2,VARUN YADAV,Gautam Buddha Nagar,Residential
696,UPRERAPRJ15732,NAGORI HOMES 3,VARUN YADAV,Gautam Buddha Nagar,Residential
697,UPRERAPRJ7104,NATIONAL TECHNOLOGY INCUBATOR,SUPPER PROP-MART PVT.LTD,Gautam Buddha Nagar,Commercial
698,UPRERAPRJ6660,NCR AURIEL TOWNE,M/S SHUBH ADVISORS PRIVATE LIMITED; WORLD INFRACONS PVT. LTD,Gautam Buddha Nagar,Commercial
699,UPRERAPRJ4790,NCR MONARCH,M/S JSS BUILDCON PRIVATE LIMITED,Gautam Buddha Nagar,Residential
700,UPRERAPRJ7003,NEOTOWN PHASE-1,PATEL ADVANCE JV,Gautam Buddha Nagar,Residential
701,UPRERAPRJ7256,NEOTOWN PHASE-2,PATEL ADVANCE JV,Gautam Buddha Nagar,Residential
702,UPRERAPRJ7327,NEOTOWN PHASE-3,PATEL ADVANCE JV,Gautam Buddha Nagar,Residential
703,UPRERAPRJ4124,"NEOWORLD ( PHASE-1 TOWER-D, E &F)",LOGIX INFRA DEVELOPERS PVT.LTD.,Gautam Buddha Nagar,Residential
704,UPRERAPRJ4612,"NEOWORLD ( PHASE-2 TOWER- A , B & G)",LOGIX INFRA DEVELOPERS PVT.LTD.,Gautam Buddha Nagar,Residential
705,UPRERAPRJ4678,"NEOWORLD ( PHASE-3 TOWER- C,H, SHOPS, & CLUB)",LOGIX INFRA DEVELOPERS PVT.LTD.,Gautam Buddha Nagar,Residential
706,UPRERAPRJ243992/03/2025,Nilay Square,Nilay Infratech Private Limited,Gautam Buddha Nagar,Commercial
707,UPRERAPRJ558356/04/2024,NIMBUS THE PALM VILLAGE,IITL- NIMBUS THE PALM VILLAGE,Gautam Buddha Nagar,Residential
708,UPRERAPRJ394364,NIRALA - BIZ PARK,NIRALA INFRATECH PRIVATE LIMITED,Gautam Buddha Nagar,Commercial
709,UPRERAPRJ4730,NIRALA ASPIRE PH1 (A1 TO A8 & D1 TO D5),NIRALA HOUSING PRIVATE LIMITED,Gautam Buddha Nagar,Residential
710,UPRERAPRJ783018,"NIRALA ASPIRE PHASE-II (B1 TO B10, B12 , B14)",G3 ASPIRE NIRALA GOLD LLP; NIRALA HOUSING PRIVATE LIMITED,Gautam Buddha Nagar,Residential
711,UPRERAPRJ508551,"NIRALA ASPIRE PH-IV (B11, B15 to B23)",IRESH NIRALA GOLD PROJECTS LLP; NIRALA HOUSING PRIVATE LIMITED,Gautam Buddha Nagar,Residential
712,UPRERAPRJ825497/11/2025,NIRALA DIADEM,Parth Builtech Private Limited,Gautam Buddha Nagar,Commercial
713,UPRERAPRJ519100,Nirala Estate Phase-II,NIRALA INFRATECH PRIVATE LIMITED,Gautam Buddha Nagar,Residential
714,UPRERAPRJ265789,NIRALA ESTATE PHASE-III,NIRALA INFRATECH PRIVATE LIMITED,Gautam Buddha Nagar,Residential
715,UPRERAPRJ617209,NIRALA ESTATE PHASE-IV,NIRALA INFRATECH PRIVATE LIMITED,Gautam Buddha Nagar,Residential
716,UPRERAPRJ788191,NIRALA ESTATE PHASE-V,NIRALA INFRATECH PRIVATE LIMITED,Gautam Buddha Nagar,Residential
717,UPRERAPRJ531916/06/2025,Nirala Gateway,Parth Builtech Private Limited,Gautam Buddha Nagar,Commercial
718,UPRERAPRJ4975,"NIRALA GREENSHIRE PH-1 (G6-G12,G14)",NIRALA PROJECTS PRIVATE  LIMITED,Gautam Buddha Nagar,Residential
719,UPRERAPRJ120088,NIRALA GREENSHIRE PH-II,NIRALA PROJECTS PRIVATE  LIMITED,Gautam Buddha Nagar,Residential
720,UPRERAPRJ707952,Nirala Trio,NIRALA WORLD RESIDENCY PRIVATE LIMITED,Gautam Buddha Nagar,Residential
721,UPRERAPRJ284035,Nobility,Homekraft  Infra Private Limited; VTECH BUILDCON PVT. LTD.,Gautam Buddha Nagar,Residential
722,UPRERAPRJ335841,Noida Cyber Hub,Noida Cyber Park Pvt. Ltd.,Gautam Buddha Nagar,Commercial
723,UPRERAPRJ3841,NOIDA ONE --TOWER  A  (PHASE II),Pioneer eServe Private Limited,Gautam Buddha Nagar,Commercial
724,UPRERAPRJ7184,NOIDA WORLD ONE - PHASE 1,CBS INTERNATIONAL PROJECTS PRIVATE LIMITED,Gautam Buddha Nagar,Commercial
725,UPRERAPRJ7380,NOIDA WORLD ONE - PHASE 2,CBS INTERNATIONAL PROJECTS PRIVATE LIMITED,Gautam Buddha Nagar,Commercial
726,UPRERAPRJ7409,NOIDA WORLD ONE - PHASE 3,CBS INTERNATIONAL PROJECTS PRIVATE LIMITED,Gautam Buddha Nagar,Commercial
727,UPRERAPRJ11643,NOIDA WORLD ONE - PHASE 5,CBS INTERNATIONAL PROJECTS PRIVATE LIMITED,Gautam Buddha Nagar,Residential
728,UPRERAPRJ7467,NOIDA WORLD ONE PHASE - 4,CBS INTERNATIONAL PROJECTS PRIVATE LIMITED,Gautam Buddha Nagar,Commercial
729,UPRERAPRJ798312/05/2025,"NORTHWIND SANCTUARY Plot No. 7, Sector-PI, Gr. Noida",NORTHWIND ESTATES PRIVATE LIMITED; ASSOTECH INFRASTRUCTURE PRIVATE LIMITED,Gautam Buddha Nagar,Residential
730,UPRERAPRJ8646,NOVENA GREEN,D S D HOMES PRIVATE LIMITED,Gautam Buddha Nagar,Residential
731,UPRERAPRJ356178,NTPC ANANDAM PLAZA,SHARDA INFRA; NTPC SEHKARI AWAS SAMITI LIMITED,Gautam Buddha Nagar,Commercial
732,UPRERAPRJ4746,NX ONE,S.P.SAI.IT.PVT. LTD,Gautam Buddha Nagar,Commercial
733,UPRERAPRJ448845/02/2025,NXONE - ARK,S.P.SAI.IT.PVT. LTD,Gautam Buddha Nagar,Commercial
734,UPRERAPRJ199977/02/2025,NXONE - HIVE,S.P.SAI.IT.PVT. LTD,Gautam Buddha Nagar,Residential
735,UPRERAPRJ6908,OASIS GRANDSTAND ( PHASE 1),OASIS REALTECH PVT LTD,Gautam Buddha Nagar,Residential
736,UPRERAPRJ6990,OASIS GRANDSTAND ( PHASE 2),OASIS REALTECH PVT LTD,Gautam Buddha Nagar,Residential
737,UPRERAPRJ585804/01/2025,OASIS GRANDSTAND PHASE-2,OASIS REALTECH PVT LTD,Gautam Buddha Nagar,Residential
738,UPRERAPRJ1646,OASIS VENETIA HEIGHTS,OASIS BUILDMART INDIA PVT LTD,Gautam Buddha Nagar,Residential
739,UPRERAPRJ306637/02/2026,One Estate,Krishna Apra Projects Private Limited; CHAMBAL TRADINGS PRIVATE LIMITED,Gautam Buddha Nagar,Commercial
740,UPRERAPRJ279516,ONE FNG,SS TECHNOPARK PRIVATE LIMITED,Gautam Buddha Nagar,Commercial
741,UPRERAPRJ6817,OneLeaf Troy,NIVAS PROMOTERS PVT LTD,Gautam Buddha Nagar,Residential
742,UPRERAPRJ920006/03/2024,ONYX BLUE,Splendor Information Technology Private Limited,Gautam Buddha Nagar,Commercial
743,UPRERAPRJ483588,OPULENCE PHASE A,SAHA ESTATE DEVELOPERS PRIVATE LIMITED; WISH LAND BUILD ZONE PVT. LTD.,Gautam Buddha Nagar,Residential
744,UPRERAPRJ376920,OPULENCE PHASE-I,SAHA ESTATE DEVELOPERS PRIVATE LIMITED; WISH LAND BUILD ZONE PVT. LTD.,Gautam Buddha Nagar,Residential
745,UPRERAPRJ960554,ORION ONE 32,WELLGROW INFOTECH PRIVATE LIMITED,Gautam Buddha Nagar,Mixed
746,UPRERAPRJ6404,ORIZZONTE,Concept Horizon Infra Private Limited,Gautam Buddha Nagar,Commercial
747,UPRERAPRJ12539,ORIZZONTE (RESIDENTIAL),Concept Horizon Infra Private Limited,Gautam Buddha Nagar,Residential
748,UPRERAPRJ819615/01/2026,Page 3 Noida,PAGE3 BUILDTECH PRIVATE LIMITED,Gautam Buddha Nagar,Residential
749,UPRERAPRJ16264,PAGE THREE RESIDENCES,HOME AND SOUL INFRATECH PRIVATE LIMITED,Gautam Buddha Nagar,Residential
750,UPRERAPRJ15563,PALM AASHIYANA,ADR HOMES,Gautam Buddha Nagar,Residential
751,UPRERAPRJ308567,PALM OLYMPIA PH 2,Sam India Abhimanyu Housing,Gautam Buddha Nagar,Residential
752,UPRERAPRJ409115/09/2024,Palm Olympia PH 3,Sam India Abhimanyu Housing,Gautam Buddha Nagar,Residential
753,UPRERAPRJ15466,PALM VALLEY,LUCKY WEALTH CONSTRUCTION PVT LTD,Gautam Buddha Nagar,Residential
754,UPRERAPRJ4386,Panchsheel Greens,Panchsheel Buildtech Pvt. Ltd.,Gautam Buddha Nagar,Residential
755,UPRERAPRJ8592,"PANCHSHEEL GREENS - II (TOWER - D1,D2& E5)",Panchsheel Buildtech Pvt. Ltd.,Gautam Buddha Nagar,Residential
756,UPRERAPRJ8595,"PANCHSHEEL GREENS - II (TOWER - E6,E7,D3 &D4)",Panchsheel Buildtech Pvt. Ltd.,Gautam Buddha Nagar,Residential
757,UPRERAPRJ8574,"PANCHSHEEL GREENS - II (TOWER-C1 TO C4,188 VILLAS)",Panchsheel Buildtech Pvt. Ltd.,Gautam Buddha Nagar,Residential
758,UPRERAPRJ8547,"PANCHSHEEL GREENS -II (TOWER - A1 TO A6,B1 TO B7)",Panchsheel Buildtech Pvt. Ltd.,Gautam Buddha Nagar,Residential
759,UPRERAPRJ8832,"PANCHSHEEL GREENS PHASE - 1 (B1 TO B3,F4 TO F6 & C",Panchsheel Buildtech Pvt. Ltd.,Gautam Buddha Nagar,Residential
760,UPRERAPRJ8584,"PANCHSHEEL GREENS-II(TOWER - E1 TO E4,COMMERCIAL,N",Panchsheel Buildtech Pvt. Ltd.,Gautam Buddha Nagar,Residential
761,UPRERAPRJ8533,PANCHSHEEL HYNISH PHASE -1 (TOWER-T8 &T9),Panchsheel Buildtech Pvt. Ltd.,Gautam Buddha Nagar,Residential
762,UPRERAPRJ8545,PANCHSHEEL HYNISH PHASE -3 (TOWER - T12),Panchsheel Buildtech Pvt. Ltd.,Gautam Buddha Nagar,Residential
763,UPRERAPRJ8538,PANCHSHEEL HYNISH PHASE-2(TOWER- T10 & T11),Panchsheel Buildtech Pvt. Ltd.,Gautam Buddha Nagar,Residential
764,UPRERAPRJ8845,PANCHSHEEL PINNACLE PHASE - 1 (TOWER - F2 & F3) PA,Panchsheel Buildtech Pvt. Ltd.,Gautam Buddha Nagar,Residential
765,UPRERAPRJ8855,PANCHSHEEL PINNACLE PHASE-2 (TOWER F1)PART OF PANC,Panchsheel Buildtech Pvt. Ltd.,Gautam Buddha Nagar,Residential
766,UPRERAPRJ8603,PANCHSHEEL PRATISTHA PHASE - 1(TOWER - T4 TO T7),Valuent Infradevelopers Private Limited,Gautam Buddha Nagar,Residential
767,UPRERAPRJ8612,"PANCHSHEEL PRATISTHA PHASE - 2 (TOWER T1 TO T3 , C",Valuent Infradevelopers Private Limited,Gautam Buddha Nagar,Residential
768,UPRERAPRJ8614,PANCHSHEEL PRATISTHA PHASE - 3 (TOWER - T8),Valuent Infradevelopers Private Limited,Gautam Buddha Nagar,Residential
769,UPRERAPRJ6339,PANCHTATVA PHASE-1,SANJEEV KUMAR,Gautam Buddha Nagar,Residential
770,UPRERAPRJ4884,Paradise Crystal Zone I (N&O),M/s Uttam Steels & Associates { Consortium) throug; ANSAL HI-TECH TOWNSHIPS LTD,Gautam Buddha Nagar,Residential
771,UPRERAPRJ5001,"Paradise Crystal Zone II (A, M, P & Q)",M/s Uttam Steels & Associates { Consortium) throug; ANSAL HI-TECH TOWNSHIPS LTD,Gautam Buddha Nagar,Residential
772,UPRERAPRJ3950,Paramount Emotions,Paramount Propbuild Pvt. Ltd.,Gautam Buddha Nagar,Residential
773,UPRERAPRJ297873,Paras Avenue,AMBIT BUILDWELL PVT.LTD.,Gautam Buddha Nagar,Commercial
774,UPRERAPRJ5576,Paras One33,Admired Height Projects Private Limited,Gautam Buddha Nagar,Commercial
775,UPRERAPRJ6511,park avenue,AIG INFRATECH INDIA PVT LTD,Gautam Buddha Nagar,Residential
776,UPRERAPRJ16697,Park Lane at Godrej Golf Link,AR LANDCRAFT LLP,Gautam Buddha Nagar,Commercial
777,UPRERAPRJ6091,PARSVNATH PALACIA PHASE-I,PARSVNATH DEVELOPERS LIMITED,Gautam Buddha Nagar,Residential
778,UPRERAPRJ6095,PARSVNATH PALACIA PHASE-II,PARSVNATH DEVELOPERS LIMITED,Gautam Buddha Nagar,Residential
779,UPRERAPRJ6060,PARSVNATH PRIVILEGE PHASE-1,PARSVNATH DEVELOPERS LIMITED,Gautam Buddha Nagar,Residential
780,UPRERAPRJ6067,PARSVNATH PRIVILEGE PHASE-II,PARSVNATH DEVELOPERS LIMITED,Gautam Buddha Nagar,Residential
781,UPRERAPRJ6076,PARSVNATH PRIVILEGE PHASE-III,PARSVNATH DEVELOPERS LIMITED,Gautam Buddha Nagar,Residential
782,UPRERAPRJ6081,PARSVNATH PRIVILEGE PHASE-IV,PARSVNATH DEVELOPERS LIMITED,Gautam Buddha Nagar,Residential
783,UPRERAPRJ5998,PARX LAUREATE,LAUREATE BUILDWELL PRIVATE LIMITED,Gautam Buddha Nagar,Residential
784,UPRERAPRJ16444,PATHWAY HOMES,MAYANK JAIN,Gautam Buddha Nagar,Residential
785,UPRERAPRJ2623,Pebble Court,Jaypee Infratech Limited,Gautam Buddha Nagar,Residential
786,UPRERAPRJ13913,PEBBLES PROLEASE PVT LTD (HEARTBEAT CITY,ASHISH BAJPAI,Gautam Buddha Nagar,Residential
787,UPRERAPRJ12190,PEBBLES PROLEASE PVT. LTD. ( HEARTBEAT CITY-II),DEVENDER KUMAR JAIN,Gautam Buddha Nagar,Residential
788,UPRERAPRJ304177/03/2025,PI City Center,Govinda Housing Limited,Gautam Buddha Nagar,Commercial
789,UPRERAPRJ442430,PIOUS HIDEAWAYS,Homekraft  Infra Private Limited; FEST HOMES DEVELOPERS PVT. LTD.,Gautam Buddha Nagar,Residential
790,UPRERAPRJ183246,Pious Orchards,Homekraft  Infra Private Limited; FEST HOMES DEVELOPERS PVT. LTD.,Gautam Buddha Nagar,Residential
791,UPRERAPRJ15805,PLOT NO.13-14,MEGA REALINFRA PRIVATE LIMITED,Gautam Buddha Nagar,Residential
792,UPRERAPRJ15808,"PLOT NO.-28, FRIENDS ENCLAVE, SHAHBERI, GAUTAM BUDH NAGAR",M/S MEGA REALINFRA PRIVATE LTD.,Gautam Buddha Nagar,Residential
793,UPRERAPRJ10475,"PLOT ZONE I (3B, 4A, 4B)",M/s Uttam Steels & Associates { Consortium) throug; ANSAL HI-TECH TOWNSHIPS LTD,Gautam Buddha Nagar,Residential
794,UPRERAPRJ11035,PLOT ZONE II (3A 3C 4C),M/s Uttam Steels & Associates { Consortium) throug; ANSAL HI-TECH TOWNSHIPS LTD,Gautam Buddha Nagar,Residential
795,UPRERAPRJ11033,"PLOT ZONE III(2A,2B)",M/s Uttam Steels & Associates { Consortium) throug; ANSAL HI-TECH TOWNSHIPS LTD,Gautam Buddha Nagar,Residential
796,UPRERAPRJ10851,"PLOT ZONE IV(5,6,1A)",M/s Uttam Steels & Associates { Consortium) throug; ANSAL HI-TECH TOWNSHIPS LTD,Gautam Buddha Nagar,Residential
797,UPRERAPRJ10825,PLOT ZONE V (1B),M/s Uttam Steels & Associates { Consortium) throug; ANSAL HI-TECH TOWNSHIPS LTD,Gautam Buddha Nagar,Residential
798,UPRERAPRJ591510,PRATEEK CANARY,STRONGBIZ PROPBUILD PRIVATE LIMITED,Gautam Buddha Nagar,Residential
799,UPRERAPRJ2683,PRATEEK EDIFICE,PRATEEK INFRAPROJECTS INDIA PRIVATE LIMITED,Gautam Buddha Nagar,Residential
800,UPRERAPRJ5503,Premeria,Imperia Structures Ltd,Gautam Buddha Nagar,Commercial
801,UPRERAPRJ13203,Presidential Villas,AR LANDCRAFT LLP,Gautam Buddha Nagar,Commercial
802,UPRERAPRJ17502,Presithum Phase II,PRESIDENCY INFRAHEIGHTS PRIVATE LIMITED,Gautam Buddha Nagar,Residential
803,UPRERAPRJ10984,PRESITHUM-PRESIDENCY HEIGHTS (Ph-I),PRESIDENCY INFRAHEIGHTS PRIVATE LIMITED,Gautam Buddha Nagar,Residential
804,UPRERAPRJ545875,PRIDEVILLE,Imperia Structures Ltd; IMPERIA STRUCTURES LTD,Gautam Buddha Nagar,Residential
805,UPRERAPRJ14530,"PRIME TOWER, LE GARDEN (Tower P)",Ajnara Realtech Limited,Gautam Buddha Nagar,Residential
806,UPRERAPRJ6684,Pristine Avenue,M/s Geotech Homz Pvt. ltd.,Gautam Buddha Nagar,Residential
807,UPRERAPRJ556048/03/2025,PROVINCE D OLYMPIA,ATS Realty Private Limited,Gautam Buddha Nagar,Residential
808,UPRERAPRJ3137,Purvanchal Royal City,PURVANCHAL PROJECTS PRIVATE LIMITED,Gautam Buddha Nagar,Residential
809,UPRERAPRJ295195,PURVANCHAL ROYAL CITY (PHASE-II),PURVANCHAL PROJECTS PRIVATE LIMITED; PURVANCHAL PROJECTS PRIVATE LIMITED,Gautam Buddha Nagar,Residential
810,UPRERAPRJ770757/02/2024,PURVANCHAL SKYLINE VISTA,PURVANCHAL PROJECTS PRIVATE LIMITED,Gautam Buddha Nagar,Commercial
811,UPRERAPRJ746863/04/2025,PURVANCHAL SUNBLISS PLOT NO. GH-1A/1 SECTOR 22D YEIDA,PURVANCHAL PROJECTS PRIVATE LIMITED,Gautam Buddha Nagar,Residential
812,UPRERAPRJ6440,Raj Hans Residency (Phase-1),Raj Hans infratech Private Limited,Gautam Buddha Nagar,Residential
813,UPRERAPRJ6497,Raj Residency / Raksha Addela,JINDAL PROMOTERS PVT LTD,Gautam Buddha Nagar,Residential
814,UPRERAPRJ617228,Rajhans Residdency (Phase-2),Raj Hans infratech Private Limited,Gautam Buddha Nagar,Residential
815,UPRERAPRJ8629,RATAN PEARLS (PHASE-I),RATAN BUILDTECH PRIVATE LIMITED,Gautam Buddha Nagar,Residential
816,UPRERAPRJ15192,RATAN PEARLS (PHASE-II),RATAN BUILDTECH PRIVATE LIMITED,Gautam Buddha Nagar,Residential
817,UPRERAPRJ4182,"REGENCY PARK, GREATER NOIDA, West PHASE-I (COMPRIS",AARCITY INFRASTRUCTURE PRIVATE LIMITED,Gautam Buddha Nagar,Residential
818,UPRERAPRJ4363,"REGENCY PARK, GREATER NOIDA, West PHASE-II (COMPRI",AARCITY INFRASTRUCTURE PRIVATE LIMITED,Gautam Buddha Nagar,Residential
819,UPRERAPRJ742692/09/2024,Renox Thrive,Nivas Promoters Private Limited,Gautam Buddha Nagar,Residential
820,UPRERAPRJ4815,"RG Luxury Homes - Tower A, F & M",Rajesh Projects (India) Pvt. Ltd,Gautam Buddha Nagar,Residential
821,UPRERAPRJ4723,"RG Luxury Homes - Tower B, C, D & E",Rajesh Projects (India) Pvt. Ltd,Gautam Buddha Nagar,Residential
822,UPRERAPRJ4850,RG Luxury Homes (Tower G & H),Rajesh Projects (India) Pvt. Ltd,Gautam Buddha Nagar,Residential
823,UPRERAPRJ4909,RG Luxury Homes-4 (Tower J K & L),Rajesh Projects (India) Pvt. Ltd,Gautam Buddha Nagar,Residential
824,UPRERAPRJ766232,RG Mirage Tower L,RG Residency Private Limited,Gautam Buddha Nagar,Residential
825,UPRERAPRJ158423,RG Mirage Tower M,RG Residency Private Limited,Gautam Buddha Nagar,Residential
826,UPRERAPRJ6255,RG Residency  Tower - P (RG Square ),RG Residency Pvt. Ltd,Gautam Buddha Nagar,Residential
827,UPRERAPRJ17786,RG Square Phae-2,Rajesh Projects (India) Pvt. Ltd,Gautam Buddha Nagar,Residential
828,UPRERAPRJ17776,RG Square Phase-1,Rajesh Projects (India) Pvt. Ltd,Gautam Buddha Nagar,Residential
829,UPRERAPRJ124816/09/2025,RGs PLEIADDES Phase-1,KVIR TOWERS PRIVATE LIMITED,Gautam Buddha Nagar,Residential
830,UPRERAPRJ888525/09/2025,RGs PLEIADDES Phase-2,KVIR TOWERS PRIVATE LIMITED,Gautam Buddha Nagar,Commercial
831,UPRERAPRJ415309/09/2025,RGs PLEIADDES Phase-3,KVIR TOWERS PRIVATE LIMITED,Gautam Buddha Nagar,Residential
832,UPRERAPRJ357325/09/2025,RGs PLEIADDES Phase-4,KVIR TOWERS PRIVATE LIMITED,Gautam Buddha Nagar,Residential
833,UPRERAPRJ374938/09/2025,RGs PLEIADDES Phase-5,KVIR TOWERS PRIVATE LIMITED,Gautam Buddha Nagar,Residential
834,UPRERAPRJ7347,RHYTHM COUNTY (PHASE RC-2),FUTUREWORLD GREENHOMES PVT. LTD.,Gautam Buddha Nagar,Residential
835,UPRERAPRJ7371,RHYTHM COUNTY (PHASE RC-3),FUTUREWORLD GREENHOMES PVT. LTD.,Gautam Buddha Nagar,Residential
836,UPRERAPRJ7321,RHYTHM COUNTY(PHASE RC-1),FUTUREWORLD GREENHOMES PVT. LTD.,Gautam Buddha Nagar,Residential
837,UPRERAPRJ3075,RIDGE RESIDENCY,Today Homes Noida Pvt. Ltd.,Gautam Buddha Nagar,Residential
838,UPRERAPRJ343832,RISE GOLF VILLAS,RISE PROJECTS PVT LTD; EUPHORIA SPORTS CITY PVT LTD,Gautam Buddha Nagar,Residential
839,UPRERAPRJ7561,Rise Resort Residences Phase-I,RISE PROJECTS PVT LTD,Gautam Buddha Nagar,Residential
840,UPRERAPRJ394572,RISE RETAILIA,RISE PROJECTS PVT LTD; EUPHORIA SPORTS CITY PRIVATE LIMITED,Gautam Buddha Nagar,Commercial
841,UPRERAPRJ15423,RISE SHOPLEX,RISE INFRADEVELOPERS PVT LTD,Gautam Buddha Nagar,Commercial
842,UPRERAPRJ295718,Rise Sports Villas,RISE PROJECTS PVT LTD; EUPHORIA SPORTS CITY PRIVATE LIMITED,Gautam Buddha Nagar,Residential
843,UPRERAPRJ621633,"Rise Sports Villas , Super 30 Villas",RISE PROJECTS PVT LTD; EUPHORIA SPORTS CITY PRIVATE LIMITED,Gautam Buddha Nagar,Residential
844,UPRERAPRJ341534,"RISE SQUARE - PALM STREET, MADISON SQUARE, BROADWAY STREET",RISE PROJECTS PVT LTD; EUPHORIA SPORTS CITY PRIVATE LIMITED,Gautam Buddha Nagar,Commercial
845,UPRERAPRJ15115,ROYAL AVENUE,Royal Avenue,Gautam Buddha Nagar,Residential
846,UPRERAPRJ3386,ROYAL COURT,Strategic Developers Private Limited,Gautam Buddha Nagar,Residential
847,UPRERAPRJ11617,ROYAL GREEN,MITRA SAHKARI AWAS SAMITI,Gautam Buddha Nagar,Residential
848,UPRERAPRJ9608,Royal Nest,M/S OMKAR NESTS PVT. LTD.,Gautam Buddha Nagar,Residential
849,UPRERAPRJ7023,ROYAL RESIDENCY,RAKESH YADAV,Gautam Buddha Nagar,Residential
850,UPRERAPRJ738675,ROYAL WALKWAY,VIDHI INFRABUILD PRIVATE LIMITED; VARDHMAN INFRABUILD PRIVATE LIMITED,Gautam Buddha Nagar,Commercial
851,UPRERAPRJ146610,RPS 05/2021,Yamuna Expressway Industrial devlopment Authority,Gautam Buddha Nagar,Residential
852,UPRERAPRJ10056,RPS-01 SECTOR-2,GREATER NOIDA INDUSTRIAL DEVELOPMENT AUTHORITY,Gautam Buddha Nagar,Residential
853,UPRERAPRJ282078,"RPS01,RRPS01 AND RRPS02 (SECTOR 18 AND 20) ,YEIDA",Yamuna Expressway Industrial devlopment Authority,Gautam Buddha Nagar,Residential
854,UPRERAPRJ10826,RPS-02 ZETA-2,GREATER NOIDA INDUSTRIAL DEVELOPMENT AUTHORITY,Gautam Buddha Nagar,Residential
855,UPRERAPRJ8756,"RPS-02, SEC-22D",Yamuna Expressway Industrial devlopment Authority,Gautam Buddha Nagar,Residential
856,UPRERAPRJ552003,RPS-04/2021,Yamuna Expressway Industrial devlopment Authority,Gautam Buddha Nagar,Residential
857,UPRERAPRJ985835,RPS-06/2022,Yamuna Expressway Industrial devlopment Authority,Gautam Buddha Nagar,Residential
858,UPRERAPRJ563740,RPS07/2023,Yamuna Expressway Industrial devlopment Authority,Gautam Buddha Nagar,Residential
859,UPRERAPRJ653132/10/2024,RPS08/2024,Yamuna Expressway Industrial devlopment Authority,Gautam Buddha Nagar,Residential
860,UPRERAPRJ103634/04/2025,RPS09/2025,Yamuna Expressway Industrial devlopment Authority,Gautam Buddha Nagar,Residential
861,UPRERAPRJ307764/03/2026,RPS10/2025,Yamuna Expressway Industrial devlopment Authority,Gautam Buddha Nagar,Residential
862,UPRERAPRJ205883,RRPS -04/2020,Yamuna Expressway Industrial devlopment Authority,Gautam Buddha Nagar,Residential
863,UPRERAPRJ6649,RUDRA AQUACASA,RUDRA BUILDWELL HOMES PRIVATE LIMITED; STARARENA BUILDERS LLP,Gautam Buddha Nagar,Residential
864,UPRERAPRJ7895,RUDRA PALACE HEIGHTS,RUDRA BUILDWELL PROJECTS PRIVATE LIMITED; MILAN INFRASTRUCTURES AND DEVELOPERS PRIVATE LIMIT,Gautam Buddha Nagar,Residential
865,UPRERAPRJ7180,RUDRA UNO,APACE BUILDTECH PRIVATE LIMITED,Gautam Buddha Nagar,Residential
866,UPRERAPRJ7228,RYNE,PRIMROSE INFRATECH P LTD,Gautam Buddha Nagar,Residential
867,UPRERAPRJ16456,SAI HOME II,SAIDRISHTI HOMES LLP,Gautam Buddha Nagar,Residential
868,UPRERAPRJ6740,Samajwadi Awas Yojana/ Mukhyamantri Awas Yojana,NEW OKHLA INDUSTRIAL DEVELOPMENT AUTHORITY,Gautam Buddha Nagar,Residential
869,UPRERAPRJ5855,Sampada Livia(De-Registered Project),PSA IMPEX PRIVATE LIMITED,Gautam Buddha Nagar,Residential
870,UPRERAPRJ155408,Samridhi Daksh Avenue,SAMRIDHI BUILDMART PRIVATE LIMITED,Gautam Buddha Nagar,Residential
871,UPRERAPRJ2634,SAMRIDHI GRAND AVENUE,SAMRIDHI REALTY HOMES PRIVATE LIMITED,Gautam Buddha Nagar,Residential
872,UPRERAPRJ1746,SAMRIDHI LUXURIYA AVENUE,SAMRIDHI INFRA SQUARE PRIVATE LIMITED,Gautam Buddha Nagar,Residential
873,UPRERAPRJ15733,SARA HOMES 2,FURKAN,Gautam Buddha Nagar,Residential
874,UPRERAPRJ15503,SATTYAM COMPLEX,PRO INFRA REAL PRIVATE LIMITED,Gautam Buddha Nagar,Commercial
875,UPRERAPRJ945505,SATYAM GALLERIA,PRO INFRAREAL PRIVATE LIMITED,Gautam Buddha Nagar,Commercial
876,UPRERAPRJ633750,SAVVIOUR MANOHARRAM,SAVIOUR INFRA PRIVATE LIMITED,Gautam Buddha Nagar,Commercial
877,UPRERAPRJ320171,SAWASDEE JLG GALLERIA,JLG Properties Private Limited,Gautam Buddha Nagar,Commercial
878,UPRERAPRJ364061,SAYA PIAZZA,RGB INFRA LLP,Gautam Buddha Nagar,Commercial
879,UPRERAPRJ17950,Saya South X,Forever Infrabuild India LLP,Gautam Buddha Nagar,Commercial
880,UPRERAPRJ11141,SAYA STATUS (Formerly OH MY GOD),Saya Cementation Limited; ALISA INFRATECH PRIVATE LIMITED,Gautam Buddha Nagar,Commercial
881,UPRERAPRJ869,Saya Zion,Saya Buildcon Consortium Pvt. Ltd.,Gautam Buddha Nagar,Residential
882,UPRERAPRJ6357,"SETHI VENICE PHASE I (TOWER A , B , L , M , CONVEN",ESTHETIC BUILDTECH PVT. LTD.,Gautam Buddha Nagar,Residential
883,UPRERAPRJ351670/07/2024,SHAGUN CITY CENTER,SHAGUN MART LLP,Gautam Buddha Nagar,Commercial
884,UPRERAPRJ5819,SHIVALIK HOMES 2,COSMOS INFRAESTATE PVT. LTD.; EELEVATES INFRATECH PRIVATE LIMITED,Gautam Buddha Nagar,Residential
885,UPRERAPRJ9823,Shivam Plaza,ISP CONSTRUCTION PVT LTD,Gautam Buddha Nagar,Commercial
886,UPRERAPRJ15721,SHREE SHYAM APARTMENT,surendra singh,Gautam Buddha Nagar,Residential
887,UPRERAPRJ15718,SHREE SHYAM APARTMENT-2,surendra singh,Gautam Buddha Nagar,Residential
888,UPRERAPRJ7477,Shri Radha Aqua Gardens,Decent Buildwell Pvt. Ltd.,Gautam Buddha Nagar,Residential
889,UPRERAPRJ7482,Shri Radha Sky Gardens Phase-1,SJP Infracon Limited,Gautam Buddha Nagar,Residential
890,UPRERAPRJ12851,SHRI RADHA SKY PARK (SKY GARDENS PHASE-2),SJP Infracon Limited; HAWELIA REALTORS PRIVATE LIMITED,Gautam Buddha Nagar,Residential
891,UPRERAPRJ12436,Shubhkamna City,SHUBHKAMNA BUILDTECH PVT. LTD.,Gautam Buddha Nagar,Residential
892,UPRERAPRJ12432,Shubhkamna tecHOMES,SHUBHKAMNA BUILDTECH PVT. LTD.,Gautam Buddha Nagar,Residential
893,UPRERAPRJ422327/10/2024,SIGNATURE PARK,R.S. RESOURCE MANAGEMENT CONSULTING PRIVATE LIMITED,Gautam Buddha Nagar,Mixed
894,UPRERAPRJ5596,SIKKA KAAMNA GREENS,KINDLE INFRAHEIGHTS PRIVATE LIMITED,Gautam Buddha Nagar,Residential
895,UPRERAPRJ5790,SIKKA KAAMYA GREENS,ECO GREEN BUILDTECH PRIVATE LIMITED,Gautam Buddha Nagar,Residential
896,UPRERAPRJ4452,SIKKA KARMIC GREENS,G S PROMOTERS PRIVATE LIMITED,Gautam Buddha Nagar,Residential
897,UPRERAPRJ5764,SIKKA KARNAM GREENS,SIKKA INFRASTRUCTURE PVT LTD,Gautam Buddha Nagar,Residential
898,UPRERAPRJ5697,SIKKA KIMANTRA GREENS,Pinnacle Superstructures Private Limited,Gautam Buddha Nagar,Residential
899,UPRERAPRJ7474,SINGAPORE RESIDENCY,R S BUILTWELL PRIVATE LIMITED,Gautam Buddha Nagar,Residential
900,UPRERAPRJ783951/04/2024,SKA DESTINY  ONE,PRASU DEVELOPERS LLP,Gautam Buddha Nagar,Residential
901,UPRERAPRJ658704,SKA DIVYA TOWERS,JRS CONBUILD PVT LTD,Gautam Buddha Nagar,Residential
902,UPRERAPRJ768147/03/2025,SKA ESTATE,PRASU HOME LLP,Gautam Buddha Nagar,Residential
903,UPRERAPRJ16460,SKA metro Ville,KAMROOP INFRABUILD PVT LTD,Gautam Buddha Nagar,Residential
904,UPRERAPRJ186008,SKA ORION,Provence Developers Pvt Ltd,Gautam Buddha Nagar,Residential
905,UPRERAPRJ3377,SKAGREENARCH,PRASU INFRABUILD PRIVATE LIMITED,Gautam Buddha Nagar,Residential
906,UPRERAPRJ6664,Skytech Colours Avenue (Towers A-B-D-E & shops),Jatasya promoters Pvt ltd,Gautam Buddha Nagar,Residential
907,UPRERAPRJ300532/12/2025,SMARTWORLD ES,BLITZBAY DEVELOPERS PRIVATE LIMITED,Gautam Buddha Nagar,Mixed
908,UPRERAPRJ361748/06/2025,Sobha Aurum,SOBHA LIMITED,Gautam Buddha Nagar,Residential
909,UPRERAPRJ313638/03/2026,SOBHA RIVANA,SOBHA LIMITED; ATLASPUR CONSTRUCTION AND DEVELOPERS PRIVATE LIMITED,Gautam Buddha Nagar,Residential
910,UPRERAPRJ6811,SOLITAIRIAN CITY - (PARY) PHASE-1,PARY DEVELOPERS PRIVATE LIMITED,Gautam Buddha Nagar,Residential
911,UPRERAPRJ6856,SOLITAIRIAN CITY - (PARY) PHASE-2,PARY DEVELOPERS PRIVATE LIMITED,Gautam Buddha Nagar,Residential
912,UPRERAPRJ6887,SOLITAIRIAN CITY - (PARY) PHASE-3,PARY DEVELOPERS PRIVATE LIMITED,Gautam Buddha Nagar,Residential
913,UPRERAPRJ6634,SOLITAIRIAN CITY - (SOLI-)PHASE-1,SOLITAIRE REALINFRA PRIVATE LIMITED,Gautam Buddha Nagar,Residential
914,UPRERAPRJ6721,SOLITAIRIAN CITY - (SOLI-)PHASE-2,SOLITAIRE REALINFRA PRIVATE LIMITED,Gautam Buddha Nagar,Residential
915,UPRERAPRJ6766,SOLITAIRIAN CITY - (SOLI-)PHASE-3,SOLITAIRE REALINFRA PRIVATE LIMITED,Gautam Buddha Nagar,Residential
916,UPRERAPRJ17035,SPECTRUM METRO,Blue Square Infrastructure LLP,Gautam Buddha Nagar,Commercial
917,UPRERAPRJ427696,SPECTRUM METRO BLOCK- A and E,Blue Square Infrastructure LLP; AIMS MAX GARDENIA DEVELOPERS PRIVATE LIMITED,Gautam Buddha Nagar,Commercial
918,UPRERAPRJ6018,spectrum@Metro ( Phase-1),Blue Square Infrastructure LLP,Gautam Buddha Nagar,Commercial
919,UPRERAPRJ6037,Spectrum@metro (Phase-3),Blue Square Infrastructure LLP,Gautam Buddha Nagar,Commercial
920,UPRERAPRJ6040,Spectrum@metro (Phase-4),Blue Square Infrastructure LLP,Gautam Buddha Nagar,Commercial
921,UPRERAPRJ6028,spectrum@metro(Phase-2),Blue Square Infrastructure LLP,Gautam Buddha Nagar,Commercial
922,UPRERAPRJ12103,SPEEDWAY AVENUE,PYRAMID TOWNSHIPS PRIVATE LIMITED,Gautam Buddha Nagar,Residential
923,UPRERAPRJ12128,SPEEDWAY AVENUE,PYRAMID TOWNSHIPS PRIVATE LIMITED,Gautam Buddha Nagar,Residential
924,UPRERAPRJ257845,Sports Complex,AMETEK BUILDTECH INDIA PRIVATE LIMITED,Gautam Buddha Nagar,Mixed
925,UPRERAPRJ408,SPORTS VILLAGE (PHASE-I),SUPERTECH LIMITED,Gautam Buddha Nagar,Residential
926,UPRERAPRJ565,"SPORTS VILLAGE (PHASE-II, VILLA)",SUPERTECH LIMITED,Gautam Buddha Nagar,Residential
927,UPRERAPRJ650295,"SPORTS VILLAGE (PHASE-III, Commercial)",SUPERTECH LIMITED,Gautam Buddha Nagar,Commercial
928,UPRERAPRJ6815,SPORTSHOME,DEVSAI CONSTRUCTION PRIVATE LIMITED,Gautam Buddha Nagar,Residential
929,UPRERAPRJ743918,SPORTSHOME PHASE II,DEVSAI CONSTRUCTION PRIVATE LIMITED,Gautam Buddha Nagar,Residential
930,UPRERAPRJ274689,Spring Elmas,Sublime Realtech Private Limited,Gautam Buddha Nagar,Mixed
931,UPRERAPRJ742412,SPRING HOMES,Clover Probuild Private Limited,Gautam Buddha Nagar,Residential
932,UPRERAPRJ6831,SPRING MEADOWS,Pigeon Buildhome Private Limited,Gautam Buddha Nagar,Residential
933,UPRERAPRJ305571/04/2026,STELLAR  1422  PHASE  II,CTA Softech Private Limited,Gautam Buddha Nagar,Commercial
934,UPRERAPRJ6209,Stellar One Phase 1,Stellar Spring Projects Private Limited,Gautam Buddha Nagar,Residential
935,UPRERAPRJ923780,STELLAR ONE PHASE II,Stellar Spring Projects Private Limited,Gautam Buddha Nagar,Residential
936,UPRERAPRJ564504/08/2024,STELLAR ONE PHASE III,Stellar Spring Projects Private Limited,Gautam Buddha Nagar,Residential
937,UPRERAPRJ9855,Sunshine 94,SUNSHINE TRADETOWER PRIVATE LIMITED,Gautam Buddha Nagar,Commercial
938,UPRERAPRJ9345,SUNSHINE SOLARIS,GOLFGREEN RESIDENCY PRIVATE LIMITED,Gautam Buddha Nagar,Residential
939,UPRERAPRJ7190,SUNTWILIGHT - COMMERCIAL,SUNRISE STRUCTURES & DEVELOPERS PRIVATE LIMITED,Gautam Buddha Nagar,Commercial
940,UPRERAPRJ7280,SUNTWILIGHT - RECREATIONAL - PHASE - I,SUNRISE STRUCTURES & DEVELOPERS PRIVATE LIMITED,Gautam Buddha Nagar,Residential
941,UPRERAPRJ7325,SUNTWILIGHT - RECREATIONAL - PHASE-II,SUNRISE STRUCTURES & DEVELOPERS PRIVATE LIMITED,Gautam Buddha Nagar,Residential
942,UPRERAPRJ6444,Sunworld Arista,Sunworld Residency Private Limited,Gautam Buddha Nagar,Residential
943,UPRERAPRJ11587,"SUNWORLD ARISTA (PH-1 T-1,2,3,4,6,10)",Sunworld Residency Private Limited,Gautam Buddha Nagar,Residential
944,UPRERAPRJ11625,"SUNWORLD ARISTA (PH-2 T-5,7,8,9), CLUB",Sunworld Residency Private Limited; NIMBUS PROJECTS LIMITED,Gautam Buddha Nagar,Residential
945,UPRERAPRJ11577,Sunworld Vanalika Phase-II,Sunworld Developers Private Limited,Gautam Buddha Nagar,Residential
946,UPRERAPRJ14910,Super Avenue,SUPER BUILDCON,Gautam Buddha Nagar,Residential
947,UPRERAPRJ7223,SUPERNOVA PHASE-I (NOVA EAST AND NOVA WEST),SUPERTECH REALTORS PRIVATE LIMITED,Gautam Buddha Nagar,Residential
948,UPRERAPRJ5720,SUPERNOVA PHASE-II (SPIRA),SUPERTECH REALTORS PRIVATE LIMITED,Gautam Buddha Nagar,Residential
949,UPRERAPRJ7263,SUPERNOVA PHASE-III (ASTRALIS - COMMERCIAL),SUPERTECH REALTORS PRIVATE LIMITED,Gautam Buddha Nagar,Commercial
950,UPRERAPRJ526534,SUPERNOVA PHASE-IV (RETAIL/COMMERCIAL),SUPERTECH REALTORS PRIVATE LIMITED,Gautam Buddha Nagar,Commercial
951,UPRERAPRJ5017,SUPERTECH CAPETOWN (PHASE-I),SUPERTECH LIMITED,Gautam Buddha Nagar,Residential
952,UPRERAPRJ17551,SUPERTECH CAPETOWN (PHASE-V),SUPERTECH ORB PROJECT PRIVATE LIMITED,Gautam Buddha Nagar,Residential
953,UPRERAPRJ8319,Supertech Eco Village-3 Phase-3,SUPERTECH LIMITED,Gautam Buddha Nagar,Residential
954,UPRERAPRJ4318,SUPERTECH ECO VILLAGE-I (PHASE-I),SUPERTECH LIMITED,Gautam Buddha Nagar,Residential
955,UPRERAPRJ4830,SUPERTECH ECO VILLAGE-I (PHASE-II),SUPERTECH LIMITED,Gautam Buddha Nagar,Residential
956,UPRERAPRJ4878,SUPERTECH ECO VILLAGE-I (PHASE-III),SUPERTECH LIMITED,Gautam Buddha Nagar,Residential
957,UPRERAPRJ8334,SUPERTECH ECO VILLAGE-I PHASE I-C,SUPERTECH LIMITED,Gautam Buddha Nagar,Residential
958,UPRERAPRJ4917,SUPERTECH ECO VILLAGE-II (PHASE-II),SUPERTECH LIMITED,Gautam Buddha Nagar,Residential
959,UPRERAPRJ4939,SUPERTECH ECO VILLAGE-II (PHASE-III),SUPERTECH LIMITED,Gautam Buddha Nagar,Residential
960,UPRERAPRJ4968,SUPERTECH ECO VILLAGE-II (PHASE-IV),SUPERTECH LIMITED,Gautam Buddha Nagar,Residential
961,UPRERAPRJ8337,SUPERTECH ECO VILLAGE-II PHASE I-C,SUPERTECH LIMITED,Gautam Buddha Nagar,Residential
962,UPRERAPRJ604,SUPERTECH ECO VILLAGE-III (PHASE-I),SUPERTECH LIMITED,Gautam Buddha Nagar,Residential
963,UPRERAPRJ4714,SUPERTECH ECO VILLAGE-III (PHASE-II),SUPERTECH LIMITED,Gautam Buddha Nagar,Residential
964,UPRERAPRJ9744,SUPERTECH ECOCITI - PHASE-1,SUPERTECH LIMITED,Gautam Buddha Nagar,Residential
965,UPRERAPRJ5848,SUPERTECH GOLF COUNTRY (PHASE-I),SUPERTECH TOWNSHIP PROJECT LIMITED,Gautam Buddha Nagar,Residential
966,UPRERAPRJ5854,SUPERTECH GOLF COUNTRY (PHASE-II),SUPERTECH TOWNSHIP PROJECT LIMITED,Gautam Buddha Nagar,Residential
967,UPRERAPRJ5863,SUPERTECH GOLF COUNTRY (PHASE-III),SUPERTECH TOWNSHIP PROJECT LIMITED,Gautam Buddha Nagar,Residential
968,UPRERAPRJ5539,SUPERTECH NORTHEYE (PHASE-II),SUPERTECH LIMITED,Gautam Buddha Nagar,Residential
969,UPRERAPRJ7324,SUPERTECH ORB-O AND B (PHASE-IV),SUPERTECH LIMITED & DWEEP INFRA PROJECT PRIVATE LIMITED,Gautam Buddha Nagar,Residential
970,UPRERAPRJ5551,SUPERTECH ORB-R (PHASE-III),SUPERTECH LIMITED,Gautam Buddha Nagar,Residential
971,UPRERAPRJ8267,Supertech Upcountry (Plotted),SUPERTECH LIMITED,Gautam Buddha Nagar,Residential
972,UPRERAPRJ5582,SUPERTECH UPCOUNTRY GH-01 (PHASE-I),SUPERTECH LIMITED,Gautam Buddha Nagar,Residential
973,UPRERAPRJ8249,Supertech Upcountry GH-01 Phase-02,SUPERTECH LIMITED,Gautam Buddha Nagar,Residential
974,UPRERAPRJ8263,Supertech Upcountry GH-02 Phase-01,SUPERTECH LIMITED,Gautam Buddha Nagar,Residential
975,UPRERAPRJ16075,SURYA APPARTMENT-1,SURYANSH BUILDMART PRIVATE LIMITED,Gautam Buddha Nagar,Residential
976,UPRERAPRJ8859,SUSHANT SERENE RESIDENCY PH1 T7B1 & T6D,ANSAL PROPERTIES & INFRASTRUCTURE LIMITED,Gautam Buddha Nagar,Residential
977,UPRERAPRJ8951,"SUSHANT SERENE RESIDENCY PH2 T3E,T4E,T5D",ANSAL PROPERTIES & INFRASTRUCTURE LIMITED,Gautam Buddha Nagar,Residential
978,UPRERAPRJ4938,SUSHANT SERENE RESIDENCY PHASE 3 TOWER 10 (D) & T,ANSAL PROPERTIES & INFRASTRUCTURE LIMITED,Gautam Buddha Nagar,Residential
979,UPRERAPRJ4969,SUSHANT SERENE RESIDENCY PHASE 4 TOWER T8B & T12E&,ANSAL PROPERTIES & INFRASTRUCTURE LIMITED,Gautam Buddha Nagar,Residential
980,UPRERAPRJ6346,Sushant Square,M/s Uttam Steels & Associates { Consortium) throug; ANSAL HI-TECH TOWNSHIPS LTD,Gautam Buddha Nagar,Commercial
981,UPRERAPRJ709456/07/2026,SVG CENTRAL SQUARE,SHRI VINAYAKA EXPO PLAZA LLP,Gautam Buddha Nagar,Commercial
982,UPRERAPRJ825311,SVG GALLERIA,SVG GALLERIA PRIVATE LIMITED,Gautam Buddha Nagar,Commercial
983,UPRERAPRJ123818/06/2026,SVG GOLF AVENUE,SVG BUILDECH LLP,Gautam Buddha Nagar,Commercial
984,UPRERAPRJ15276,SVG HIGHTES,SHRIVINAYAKA REALTECH PRIVATE LIMITED,Gautam Buddha Nagar,Residential
985,UPRERAPRJ629900/09/2025,SVG TOWNSQUARE-2,VINAYAKA EXPO PLAZA PRIVATE LIMITED,Gautam Buddha Nagar,Commercial
986,UPRERAPRJ14917,SWARN PLAZA,VINAYAKA SHOPPING COMPLEX PRIVATE LIMITED,Gautam Buddha Nagar,Commercial
987,UPRERAPRJ9892,"T1, NX ONE (Formerly prabhuprem advantage)",S.P.SAI.IT.PVT. LTD,Gautam Buddha Nagar,Commercial
988,UPRERAPRJ14115,Tech Park IT PHASE-1 (A),ULTRA HOME CONSTRUCTION PVT LTD,Gautam Buddha Nagar,Commercial
989,UPRERAPRJ14118,Tech Park IT PHASE-2 (B & C),ULTRA HOME CONSTRUCTION PVT LTD,Gautam Buddha Nagar,Commercial
990,UPRERAPRJ14119,"Tech Park PHASE-3 (West Galleria Mall & Hotel,BANK+ INT.+REST.+ CLUB+ MEETING ROOM)",ULTRA HOME CONSTRUCTION PVT LTD,Gautam Buddha Nagar,Commercial
991,UPRERAPRJ14120,Tech Park Residential Phase-4,ULTRA HOME CONSTRUCTION PVT LTD,Gautam Buddha Nagar,Residential
992,UPRERAPRJ611410/03/2024,TERMINAL 21,Galactic City Private Limited; ELEGANT IT SOLUTIONS PVT. LTD.,Gautam Buddha Nagar,Commercial
993,UPRERAPRJ6846,The Aranya Phase 1,Unnati Fortune Holdings Ltd,Gautam Buddha Nagar,Residential
994,UPRERAPRJ6974,The Aranya Phase 2,Unnati Fortune Holdings Ltd,Gautam Buddha Nagar,Residential
995,UPRERAPRJ6988,The Aranya Phase 3(De-Registered Project),Unnati Fortune Holdings Ltd,Gautam Buddha Nagar,Residential
996,UPRERAPRJ7010,The Aranya Phase 4(De-Registered Project),Unnati Fortune Holdings Ltd,Gautam Buddha Nagar,Residential
997,UPRERAPRJ7028,The Aranya Phase 5 (Commercial)(De-Registered Project),Unnati Fortune Holdings Ltd,Gautam Buddha Nagar,Residential
998,UPRERAPRJ228846,The Brook- Phase 1,Blessings Homz Pvt Ltd; BLESSINGS HOMZ PVT LTD,Gautam Buddha Nagar,Residential
999,UPRERAPRJ535539/09/2024,THE BROOK PHASE-2,Blessings Homz Pvt Ltd,Gautam Buddha Nagar,Residential
1000,UPRERAPRJ5805,THE DOWNTOWN,GRANITE HILL PROPERTIES PRIVATE LIMITED,Gautam Buddha Nagar,Commercial
1001,UPRERAPRJ969677/03/2024,The Elysium,Omnis Developers Private Limited,Gautam Buddha Nagar,Residential
1002,UPRERAPRJ555694,THE EXPRESS PARK VIEW II- LOW RISE APARTMENTS,IITL-NIMBUS THE EXPRESS PARK VIEW,Gautam Buddha Nagar,Residential
1003,UPRERAPRJ184164,The Flagship Phase 1,IT INFRASTRUCTURE PARK PRIVATE LIMITED,Gautam Buddha Nagar,Commercial
1004,UPRERAPRJ893178,THE FLAGSHIP PHASE 2,IT INFRASTRUCTURE PARK PRIVATE LIMITED,Gautam Buddha Nagar,Commercial
1005,UPRERAPRJ161225/04/2024,The Flagship Phase 3,IT INFRASTRUCTURE PARK PRIVATE LIMITED,Gautam Buddha Nagar,Commercial
1006,UPRERAPRJ683511/10/2024,THE FLAGSHIP PHASE 4,IT INFRASTRUCTURE PARK PRIVATE LIMITED,Gautam Buddha Nagar,Commercial
1007,UPRERAPRJ388326/05/2026,The Flagship Phase 5,IT INFRASTRUCTURE PARK PRIVATE LIMITED,Gautam Buddha Nagar,Commercial
1008,UPRERAPRJ794678/09/2024,The G,GULSHAN HOMES AND INFRASTRUCTURE  PRIVATE LIMITED,Gautam Buddha Nagar,Commercial
1009,UPRERAPRJ11031,THE GOLDEN PALM VILLAGE (PHASE-I),IITL-NIMBUS THE PALM VILLAGE,Gautam Buddha Nagar,Residential
1010,UPRERAPRJ10240,"THE GOLDEN PALMS (TOWER A,B,L,M,N)",CAPITAL INFRAPROJECTS PRIVATE LIMITED,Gautam Buddha Nagar,Residential
1011,UPRERAPRJ10275,THE GOLDEN PALMS (TOWER-O),CAPITAL INFRAPROJECTS PRIVATE LIMITED,Gautam Buddha Nagar,Residential
1012,UPRERAPRJ6522,The Golf Address,implex infrastructure pvt. ltd.,Gautam Buddha Nagar,Residential
1013,UPRERAPRJ439474,THE GOLF STREET HUB,GEN X ESTATE LLP,Gautam Buddha Nagar,Commercial
1014,UPRERAPRJ4232,The Hemisphere_Phase-1,Royalgolf link city projects private limited,Gautam Buddha Nagar,Residential
1015,UPRERAPRJ15465,The Hemisphere_Phase-1_Towers,Royalgolf link city projects private limited,Gautam Buddha Nagar,Residential
1016,UPRERAPRJ15487,The Hemisphere_Royalgolf Plaza,Royalgolf link city projects private limited,Gautam Buddha Nagar,Commercial
1017,UPRERAPRJ10368,The Iconic Corenthum,BEAVER INTERNATIONAL (INDIA) PRIVATE LIMITED,Gautam Buddha Nagar,Commercial
1018,UPRERAPRJ734569,THE ISLANDS,Gaursons India Private Limited,Gautam Buddha Nagar,Residential
1019,UPRERAPRJ4327,The Jewel of Noida (Phase I),E HOMES INFRASTRUCTURE PVT LTD,Gautam Buddha Nagar,Residential
1020,UPRERAPRJ4350,The Jewel of Noida (Phase II),E HOMES INFRASTRUCTURE PVT LTD,Gautam Buddha Nagar,Residential
1021,UPRERAPRJ498423,The Jewel of Noida (Phase III) - Burj Noida,E HOMES INFRASTRUCTURE PVT LTD,Gautam Buddha Nagar,Residential
1022,UPRERAPRJ936659,The Jewel of Noida (Phase IV) - Avenues at Burj Noida,E HOMES INFRASTRUCTURE PVT LTD,Gautam Buddha Nagar,Commercial
1023,UPRERAPRJ710489/10/2025,The Monarque,Green Bay Infrastructure Private Limited,Gautam Buddha Nagar,Residential
1024,UPRERAPRJ5667,THE OASIS,PAN REALTORS PVT LTD,Gautam Buddha Nagar,Residential
1025,UPRERAPRJ180127,THE PARK STREET,IITL-NIMBUS THE EXPRESS PARK VIEW,Gautam Buddha Nagar,Commercial
1026,UPRERAPRJ298067/05/2025,The Peridona C-1 Jaypee Greens,CRC Greens Private Limited; JAIPRAKASH ASSOCIATES LIMITED,Gautam Buddha Nagar,Residential
1027,UPRERAPRJ987428,The Resident Tower,Hale Realtors Pvt. Ltd.,Gautam Buddha Nagar,Residential
1028,UPRERAPRJ145736,The Rivulet Phase-1,Grand Realtech Limited,Gautam Buddha Nagar,Residential
1029,UPRERAPRJ5748,THE ROMANO (PHASE-I),IVR PRIME DEVELOPERS (AVADI) PRIVATE LIMITED,Gautam Buddha Nagar,Residential
1030,UPRERAPRJ5705,THE ROMANO (PHASE-II),IVR PRIME DEVELOPERS (AVADI) PRIVATE LIMITED,Gautam Buddha Nagar,Residential
1031,UPRERAPRJ761382/10/2025,THE SEPHYRA,Imperia Structures Ltd,Gautam Buddha Nagar,Residential
1032,UPRERAPRJ2373,THE SUITES at Godrej Golf Links,AR LANDCRAFT LLP,Gautam Buddha Nagar,Commercial
1033,UPRERAPRJ14034,The TEMPEAN - Phase 1,AIMS SANYA DEVELOPERS PRIVATE LIMITED,Gautam Buddha Nagar,Commercial
1034,UPRERAPRJ14050,The TEMPEAN - Phase 2,AIMS SANYA DEVELOPERS PRIVATE LIMITED,Gautam Buddha Nagar,Commercial
1035,UPRERAPRJ12202,THREE PLATINUM SOFTECH PVT LTD ( HEARTBEAT CITY -1),DEEPAK KUMAR GARG,Gautam Buddha Nagar,Residential
1036,UPRERAPRJ13921,THREE PLATINUM SOFTECH PVT LTD (HEARTBEAT CITY -I ),DEEPAK KUMAR GARG,Gautam Buddha Nagar,Residential
1037,UPRERAPRJ780746,TO-DAY,AMA TOWERS LLP; LOGIX INFRATECH PRIVATE LIMITED,Gautam Buddha Nagar,Commercial
1038,UPRERAPRJ563533,TOWER 4,Wegmans Industries Pvt Ltd,Gautam Buddha Nagar,Commercial
1039,UPRERAPRJ513636,Towers I and J (R G Luxury Homes),Rajesh Projects (India) Pvt. Ltd,Gautam Buddha Nagar,Residential
1040,UPRERAPRJ448790,Towers K and L (R G Luxury Homes),Rajesh Projects (India) Pvt. Ltd,Gautam Buddha Nagar,Residential
1041,UPRERAPRJ7066,TOWN CENTRAL - PHASE-I,PKS BUILDMART PRIVATE LIMITED,Gautam Buddha Nagar,Commercial
1042,UPRERAPRJ7355,TOWN CENTRAL - PHASE-II,PKS BUILDMART PRIVATE LIMITED,Gautam Buddha Nagar,Commercial
1043,UPRERAPRJ7374,TOWN CENTRAL - PHASE-III,PKS BUILDMART PRIVATE LIMITED,Gautam Buddha Nagar,Commercial
1044,UPRERAPRJ230755/04/2025,TOWN SQUARE-1,MAHAVINAYAKA INFRAPROJECT PRIVATE LIMITED,Gautam Buddha Nagar,Commercial
1045,UPRERAPRJ283531,TRECENTO RESIDENCES-A,GOLF LAKE LLP,Gautam Buddha Nagar,Residential
1046,UPRERAPRJ6457,"Trident Embassy Phase-1 (TOWERS A,B,C,D,E,F)",Trident Infra homes pvt. ltd.,Gautam Buddha Nagar,Residential
1047,UPRERAPRJ6476,"Trident Embassy Phase-2 (Towers G,H, I)",Trident Infra homes pvt. ltd.,Gautam Buddha Nagar,Residential
1048,UPRERAPRJ6492,"Trident Embassy Phase-3 (Towers J,K,L & Comm)",Trident Infra homes pvt. ltd.,Gautam Buddha Nagar,Residential
1049,UPRERAPRJ785019,Trident Embassy Reso,Trident Infra homes pvt. ltd.,Gautam Buddha Nagar,Residential
1050,UPRERAPRJ3924,U:Fairia,Maheshwari Infratech Private Limited,Gautam Buddha Nagar,Commercial
1051,UPRERAPRJ3627,UCHDPL-Sector-15-Plots,Uppal Chadha Hi-Tech Developers Pvt. Ltd.,Gautam Buddha Nagar,Residential
1052,UPRERAPRJ3692,UCHDPL-Sector-16-Plots,Uppal Chadha Hi-Tech Developers Pvt. Ltd.,Gautam Buddha Nagar,Residential
1053,UPRERAPRJ3703,UCHDPL-Sector-17-Plots,Uppal Chadha Hi-Tech Developers Pvt. Ltd.,Gautam Buddha Nagar,Residential
1054,UPRERAPRJ3716,UCHDPL-Sector-18-Plots,Uppal Chadha Hi-Tech Developers Pvt. Ltd.,Gautam Buddha Nagar,Residential
1055,UPRERAPRJ15830,Unibera Elite 70,UNIBERA DEVELOPERS PVT LTD,Gautam Buddha Nagar,Residential
1056,UPRERAPRJ2537,Unibera Towers,UNIBERA DEVELOPERS PVT LTD; SOLARIS INFRAPROJECTS PRIVATE LIMITED,Gautam Buddha Nagar,Residential
1057,UPRERAPRJ11339,unihomes Phase -1,"Unitech Limited (Mr.Ramesh Chandra, Mr.Ajay Chandra,Mr.Sanjay Chandra); UNITECH HI-TECH DEVELOPERS LIMITED",Gautam Buddha Nagar,Residential
1058,UPRERAPRJ11352,Unihomes Phase-2,"Unitech Limited (Mr.Ramesh Chandra, Mr.Ajay Chandra,Mr.Sanjay Chandra)",Gautam Buddha Nagar,Residential
1059,UPRERAPRJ11251,unihomes-3,"Unitech Limited (Mr.Ramesh Chandra, Mr.Ajay Chandra,Mr.Sanjay Chandra)",Gautam Buddha Nagar,Residential
1060,UPRERAPRJ11280,unitech Amber,Unitech Hi-tech Developers Limited,Gautam Buddha Nagar,Residential
1061,UPRERAPRJ11291,unitech Burgendy,Unitech Hi-tech Developers Limited,Gautam Buddha Nagar,Residential
1062,UPRERAPRJ11104,Unitech Cascade,"Unitech Limited (Mr.Ramesh Chandra, Mr.Ajay Chandra,Mr.Sanjay Chandra)",Gautam Buddha Nagar,Residential
1063,UPRERAPRJ11471,Unitech exquisite(phase-4),"Unitech Limited (Mr.Ramesh Chandra, Mr.Ajay Chandra,Mr.Sanjay Chandra)",Gautam Buddha Nagar,Residential
1064,UPRERAPRJ11443,UNITECH G&H,"Unitech Limited (Mr.Ramesh Chandra, Mr.Ajay Chandra,Mr.Sanjay Chandra)",Gautam Buddha Nagar,Residential
1065,UPRERAPRJ11153,Unitech Habitat,"Unitech Limited (Mr.Ramesh Chandra, Mr.Ajay Chandra,Mr.Sanjay Chandra)",Gautam Buddha Nagar,Residential
1066,UPRERAPRJ11368,Unitech Residences,"Unitech Limited (Mr.Ramesh Chandra, Mr.Ajay Chandra,Mr.Sanjay Chandra)",Gautam Buddha Nagar,Residential
1067,UPRERAPRJ11300,unitech willows,Unitech Hi-tech Developers Limited,Gautam Buddha Nagar,Residential
1068,UPRERAPRJ223203/04/2024,UNIVERSAL HUB 2,Galactic City Private Limited; ELEGANT IT SOLUTIONS PVT. LTD.,Gautam Buddha Nagar,Commercial
1069,UPRERAPRJ621735/05/2025,UNIWEST AERO HUB,UNIWEST INFRATECH PRIVATE LIMITED,Gautam Buddha Nagar,Commercial
1070,UPRERAPRJ872184/09/2024,UNIWEST HUB,UNIWEST INFRATECH PRIVATE LIMITED,Gautam Buddha Nagar,Mixed
1071,UPRERAPRJ11357,Uniworld Garden,"Unitech Limited (Mr.Ramesh Chandra, Mr.Ajay Chandra,Mr.Sanjay Chandra)",Gautam Buddha Nagar,Residential
1072,UPRERAPRJ10900,Unnati Fortune World - Phase 1,IVR PRIME IT. SEZ PRIVATE LIMITED,Gautam Buddha Nagar,Commercial
1073,UPRERAPRJ10929,Unnati Fortune World - Phase 2,IVR PRIME IT. SEZ PRIVATE LIMITED,Gautam Buddha Nagar,Residential
1074,UPRERAPRJ6110,Urbainia Trinity NX (phase 1),Avdesh Infotech Pvt Ltd/Urbainia Spaces Pvt. Ltd.,Gautam Buddha Nagar,Commercial
1075,UPRERAPRJ6259,Urbainia Trinity NX (phase II),Avdesh Infotech Pvt Ltd/Urbainia Spaces Pvt. Ltd.,Gautam Buddha Nagar,Commercial
1076,UPRERAPRJ6307,Urbainia Trinity NX (phase III),Avdesh Infotech Pvt Ltd/Urbainia Spaces Pvt. Ltd.,Gautam Buddha Nagar,Commercial
1077,UPRERAPRJ6886,UTC Softech,UTC Softech Private Limited,Gautam Buddha Nagar,Commercial
1078,UPRERAPRJ2779,VAIBHAV HERITAGE HEIGHT,B S BUILDTECH,Gautam Buddha Nagar,Residential
1079,UPRERAPRJ13284,Vardhman Alfa Square,VARDHMAN INFRADEVELOPERS PRIVATE LIMITED,Gautam Buddha Nagar,Commercial
1080,UPRERAPRJ7416,VARDHMAN ETA RESIDENCY,VARDHMAN REALTECH PRIVATE LIMITED,Gautam Buddha Nagar,Residential
1081,UPRERAPRJ13282,VARDHMAN i VALLEY,VARDHMAN ESTATES & DEVELOPERS PRIVATE LIMITED,Gautam Buddha Nagar,Commercial
1082,UPRERAPRJ7699,"Vedantam Phase 1 (Tower E1, E2, D1, B2 & A)",RADICON INFRASTRUCTURE & HOUSING PVT LTD,Gautam Buddha Nagar,Residential
1083,UPRERAPRJ7730,"Vedantam Phase-2( Tower B1, C2 & C1)",RADICON INFRASTRUCTURE & HOUSING PVT LTD,Gautam Buddha Nagar,Residential
1084,UPRERAPRJ7738,Vedantam Phase-3(Tower D2F & G),RADICON INFRASTRUCTURE & HOUSING PVT LTD,Gautam Buddha Nagar,Residential
1085,UPRERAPRJ332663,VICTORY ACE,DREAM PROCON PRIVATE LIMITED; LOGIX CITY DEVELOPERS PVT.LTD.,Gautam Buddha Nagar,Residential
1086,UPRERAPRJ6187,VICTORYONE AMARA,RUDRA BUILDWELL INFRA PVT. LTD.,Gautam Buddha Nagar,Residential
1087,UPRERAPRJ5889,VICTORYONE CENTRAL,Intellect Projects Pvt. Ltd.,Gautam Buddha Nagar,Residential
1088,UPRERAPRJ14566,VIHAAN GOLF BAY(Phase 1),EMERALD PROMOTERS PVT. LTD.,Gautam Buddha Nagar,Residential
1089,UPRERAPRJ11932,VIHAAN GREENS,VIHAAN DEVELOPERS PVT. LTD,Gautam Buddha Nagar,Residential
1090,UPRERAPRJ14841,Viva City,VIVACITY CREATORS PRIVATE LIMITED,Gautam Buddha Nagar,Residential
1091,UPRERAPRJ14359,VR Homes,VR Projects Private Limited,Gautam Buddha Nagar,Residential
1092,UPRERAPRJ600767/11/2024,VVIP ADDRESSES GREATER NOIDA (WEST),Vibhor Vaibhav infrahome Pvt. Ltd.; LOTUS SRS BUILDTECH PRIVATE LIMITED,Gautam Buddha Nagar,Residential
1093,UPRERAPRJ3390,VVIP HOMES PH 1,SOLITAIRE INFRAHOME PRIVATE LIMITED,Gautam Buddha Nagar,Residential
1094,UPRERAPRJ3977,VVIP HOMES PH 2,SOLITAIRE INFRAHOME PRIVATE LIMITED,Gautam Buddha Nagar,Residential
1095,UPRERAPRJ677791/02/2026,VVIP YAMUNA,VVIP INFRAHOME PRIVATE LIMITED,Gautam Buddha Nagar,Residential
1096,UPRERAPRJ6673,Wegmans Signature Tower,Wegmans Industries Pvt Ltd,Gautam Buddha Nagar,Commercial
1097,UPRERAPRJ7722,White House Apartments,Vocational Education Foundation,Gautam Buddha Nagar,Residential
1098,UPRERAPRJ4198,white orchid,TOWN PARK BUILDCON PRIVATE LIMITED,Gautam Buddha Nagar,Residential
1099,UPRERAPRJ16712,Windsor at Godrej Golf Links,AR LANDCRAFT LLP,Gautam Buddha Nagar,Commercial
1100,UPRERAPRJ5008,Winsten Park Phase-1,SKV Infotech Private Limited,Gautam Buddha Nagar,Commercial
1101,UPRERAPRJ9566,"WINSTEN PARK, PHASE-II",SKV Infotech Private Limited,Gautam Buddha Nagar,Commercial
1102,UPRERAPRJ11430,WINSTEN PARK-III,SKV Infotech Private Limited,Gautam Buddha Nagar,Commercial
1103,UPRERAPRJ5489,WMCC-2B,Wave Megacity Centre Pvt. Ltd.,Gautam Buddha Nagar,Residential
1104,UPRERAPRJ3011,WMCC-2D,Wave Megacity Centre Pvt. Ltd.,Gautam Buddha Nagar,Residential
1105,UPRERAPRJ3337,WMCC-3E,Wave Megacity Centre Pvt. Ltd.,Gautam Buddha Nagar,Commercial
1106,UPRERAPRJ6653,WMCC-3L-PHASE I,Wave Megacity Centre Pvt. Ltd.,Gautam Buddha Nagar,Commercial
1107,UPRERAPRJ6690,WMCC-3L-PHASE II,Wave Megacity Centre Pvt. Ltd.,Gautam Buddha Nagar,Commercial
1108,UPRERAPRJ15804,WonderHomes,Dreamkraft Infrastructure Pvt Ltd,Gautam Buddha Nagar,Residential
1109,UPRERAPRJ3444,WOPL-WONE,Wave One Private Limited,Gautam Buddha Nagar,Commercial
1110,UPRERAPRJ6567,World of Taste,Imperia Structures Ltd,Gautam Buddha Nagar,Commercial
1111,UPRERAPRJ3504,WTC Noida,WTC Noida Development Company Pvt. Ltd.,Gautam Buddha Nagar,Commercial
1112,UPRERAPRJ17623,WTC NOIDA CBD,WTC Noida Development Company Pvt Ltd,Gautam Buddha Nagar,Commercial
1113,UPRERAPRJ3373,WTC Noida- Cubit,WTC Noida Development Company Pvt. Ltd.,Gautam Buddha Nagar,Commercial
1114,UPRERAPRJ3472,WTC Noida- One E,WTC Noida Development Company Pvt. Ltd.,Gautam Buddha Nagar,Commercial
1115,UPRERAPRJ3357,WTC Noida- Quad,WTC Noida Development Company Pvt. Ltd.,Gautam Buddha Nagar,Residential
1116,UPRERAPRJ3158,WTC Noida- Riverside Residences,Spire Techpark Pvt. Ltd.,Gautam Buddha Nagar,Commercial
1117,UPRERAPRJ10104,XT01 SECTOR-3,GREATER NOIDA INDUSTRIAL DEVELOPMENT AUTHORITY,Gautam Buddha Nagar,Residential
1118,UPRERAPRJ892259,Yamuna City Mall,Wall Rock Developers LLP,Gautam Buddha Nagar,Commercial
1119,UPRERAPRJ17620,YOO NOIDA PHASE 1,BRICK TOWN DEVELOPERS PRIVATE LIMITED,Gautam Buddha Nagar,Residential
